Author,Title,Edition,Publisher,Imprint,Course,Section,Professor,Course Capacity,Actual Enrollment,ISBN
ABULAFIA,CHRISTIAN JEWISH RELATIONS 1000-1300,11,TAYLOR,0,HIST 0096,75,"MARRONE,STEVEN P",12,0,9780582822962
ABULAFIA,EBK CHRISTIAN JEWISH RELATIONS 1000-130,1,AC YUZU,ROUTLEDGE,HIST 0096,75,"MARRONE,STEVEN P",12,0,2813024783815
ABULAFIA,EBK CHRISTIAN JEWISH RELATIONS 1000-130,1,AC YUZU,ROUTLEDGE,HIST 0096,75,"MARRONE,STEVEN P",12,0,2813026691903
AGRESTI,EBK STATISTICAL METHODS FOR THE SOCIAL,5,AC YUZU,MICROSOFT,PS 0103,01,"SCHILDKRAUT, DEBORAH",18,0,2813029008708
AGRESTI,EBK STATISTICAL METHODS FOR THE SOCIAL,5,AC YUZU,MICROSOFT,PS 0103,01,"SCHILDKRAUT, DEBORAH",18,0,2813029122664
AKRITAS,EBK PROBABILITY & STATISTICS WITH R FOR,1,AC YUZU,MICROSOFT,ES 0056,01,"SUH,HELEN",60,0,2813024155629
AKRITAS,EBK PROBABILITY & STATISTICS WITH R FOR,1,AC YUZU,MICROSOFT,ES 0056,01,"SUH,HELEN",60,0,2813025944642
ALBERT,EBK ASSISTIVE TECHNOLOGIES: PRINCIPLES,4,AC YUZU,MOSBY,ENP 0105;OTS 0105,01;01,"BUXTON,JENNIFER;BUXTON,JENNIFER",24;24,0;0,2813036475098
ALFARABI,POLITICAL WRITINGS:POLITICAL REGIME...,15,LONGLEAF,CORNELL,PS 0158,01,"MUFTI,MALIK",20,0,9780801453809
ALFARABI,POLITICAL WRITINGS:SELECTED APHORISMS..,01,LONGLEAF,CORNELL,PS 0158,01,"MUFTI,MALIK",20,0,9780801489136
ALKON,CULTIVATING FOOD JUSTICE,11,TRILITERAL,MIT PR,DLS 0214;NUTR 0285;UEP 0285,01;01;01,"AGYEMAN,JULIAN;AGYEMAN,JULIAN;AGYEMAN,JULIAN",0;10;20,0;0;0,9780262516327
ALKON,EBK CULTIVATING FOOD JUSTICE,0,AC YUZU,THE MIT PR,DLS 0214;NUTR 0285;UEP 0285,01;01;01,"AGYEMAN,JULIAN;AGYEMAN,JULIAN;AGYEMAN,JULIAN",0;10;20,0;0;0,2813027468870
ALLEN,CREATING WELCOMING SCHOOLS,07,TCP,0,CSHD 0165;CVS 0132;ED 0145,01;01;01,"MCWAYNE,CHRISTINE;MCWAYNE,CHRISTINE;MCWAYNE,CHRISTINE",20;0;20,0;0;0,9780807747896
ANGRIST,MASTERING 'METRICS,15,INGRAM PUB,PUP,EC 0144,01,"SETREN,ELIZABETH",20,0,9780691152844
ARMSTRONG,IN THE BEGINNING,96,PENG RAND,BALLANTINE,ILVS 0132;JS 0132;REL 0132,01;01;01,"ROSENBERG,JOEL;ROSENBERG,JOEL;ROSENBERG,JOEL",18;18;18,0;0;0,9780345406040
ATKINS,MOLECULAR QUANTUM MECHANICS,5TH 11,OXF,0,CHEM 0133,01,"SHULTZ,MARY JANE",30,0,9780199541423
AVERROES,"EBK AVERROES ON PLATO'S ""REPUBLIC""",1,AC YUZU,0,PS 0158,01,"MUFTI,MALIK",20,0,2813030578214
AVERROES,FAITH+REASON IN ISLAM,01,ONEWORLD P,0,PS 0158,01,"MUFTI,MALIK",20,0,9781851682638
BACKMAN,EBK THE WORLDS OF MEDIEVAL EUROPE,3,AC YUZU,OXFORD UNI,HIST 0055,13,"MARRONE,STEVEN P",30,0,2813025956393
BAKER,"EBK HOW TO PLAY BEBOP, VOLUME 2: FOR AL",1,AC YUZU,ALFRED MUS,MUS 0105,01,"SMITH,JOEL LARUE",12,0,2813027632295
BAKER,"HOW TO PLAY BEBOP,VOLUME 2",06,ALFRED,ALFRED,MUS 0105,01,"SMITH,JOEL LARUE",12,0,9780739014851
BAKER,"READ.IN WEST.CIV:OLD REGIME...,V.7",87,UCP,0,HIST 0159,82,"FOSTER,ELIZABETH",25,0,9780226069500
BALDWIN,GIOVANNI'S ROOM,13,PENG RAND,KNOPF,AMER 0053;ENG 0063,01;01,"JOHNSON,RONNA;JOHNSON,RONNA C",0;40,0;0,9780345806567
BALLANTYNE,BETWEEN COLONIALISM+DIASPORA,06,DUKE U PR,0,CST 0194;REL 0149,04;01,"HATCHER,BRIAN A.;HATCHER,BRIAN A.",0;15,0;0,9780822338246
BALZAC,COUSINE BETTE,07,MEP/SCHOEN,0,FR 0163,A,"NAGINSKI,ISABELLE H",20,0,9782070344956
BANERJEE,POOR ECONOMICS,12,HACHETTE B,PUB AFFAIR,EC 0035,01,"KINNAN,CYNTHIA",36,0,9781610390934
BANNO,GENKI II:INTEG.CRSE.ELEM.JAPANESE-W/CD,2ND 11,KINOKUNIYA,JAPAN TIME,JPN 0003;JPN 0003;JPN 0003,A;B;C,"KAGAWA,KIYOMI;KOIZUMI,SHIORI;KOIZUMI,KOIZUMI",0;0;0,0;0;0,9784789014434
BANNO,KANJI LOOK+LEARN,09,KINOKUNIYA,JAPAN TIME,JPN 0001;JPN 0001;JPN 0001;JPN 0001;JPN 0003;JPN 0003;JPN 0003,A;B;C;D;A;B;C,"KAGAWA,KIYOMI;KAGAWA,KIYOMI;YAGI,MIKI;YAGI,MIKI;KAGAWA,KIYOMI;KOIZUMI,SHIORI;KOIZUMI,KOIZUMI",0;0;0;0;0;0;0,0;0;0;0;0;0;0,9784789013499
BANNO,KANJI LOOK+LEARN-WORKBOOK,09,KINOKUNIYA,JAPAN TIME,JPN 0001;JPN 0001;JPN 0001;JPN 0001;JPN 0003;JPN 0003;JPN 0003,A;B;C;D;A;B;C,"KAGAWA,KIYOMI;KAGAWA,KIYOMI;YAGI,MIKI;YAGI,MIKI;KAGAWA,KIYOMI;KOIZUMI,SHIORI;KOIZUMI,KOIZUMI",0;0;0;0;0;0;0,0;0;0;0;0;0;0,9784789013505
BARBERY,L'ELEGANCE DU HERISSON,06,GALLIMARD,GALLIMARD,FR 0121,A,"PEARCE,TRACY E",16,0,9782070464326
BARNDT,EBK TANGLED ROUTES,2,AC YUZU,JASON ARON,ENV 0001,01,"STEIN,NINIAN",80,0,2813025322693
BARNDT,"TANGLED ROUTES:WOMEN,WORK,+GLOBAL...",2ND 08,RLPG,ROWMAN,ENV 0001,01,"STEIN,NINIAN",80,0,9780742555570
BARNET,SHORT GUIDE TO COLLEGE WRITING,5TH 13,PEARSON,PEARSON,ENG 0001;ENG 0001,27;33,"STIFFLER,RANDALL;STIFFLER,RANDALL",15;15,0;0,9780134053233
BATCHELOR,INTRO.TO FLUID DYNAMICS,00,CAMB,CAMB,ME 0293,VF,"ABEDIAN,BEHROUZ",20,0,9780521663960
BEACHY,ABSTRACT ALGEBRA,3RD 06,WAVELAND,WAVELAND,MATH 0145;MATH 0145,01;02,"TEIXIDOR I BIGAS,MON;RUANE,KIM",30;30,0;0,9781577664437
BEACHY,EBK ABSTRACT ALGEBRA,3,AC YUZU,WAVELAND P,MATH 0145;MATH 0145,01;02,"TEIXIDOR I BIGAS,MON;RUANE,KIM",30;30,0;0,2813024951160
BEACHY,EBK ABSTRACT ALGEBRA,3,AC YUZU,WAVELAND P,MATH 0145;MATH 0145,01;02,"TEIXIDOR I BIGAS,MON;RUANE,KIM",30;30,0;0,2813026914040
BEAR,DYNAMICS OF FLUIDS POROUS MEDIA,88,DOVER,0,CEE 0287;EOS 0287,01;01,"GARVEN,GRANT;GARVEN,GRANT",10;10,0;0,9780486656755
BEAR,EBK DYNAMICS OF FLUIDS IN POROUS MEDIA,0,AC YUZU,DOVER PUBL,CEE 0287;EOS 0287,01;01,"GARVEN,GRANT;GARVEN,GRANT",10;10,0;0,2813026143204
BECK,"EBK COGNITIVE BEHAVIOR THERAPY, SECOND",2,AC YUZU,THE GUILFO,PSY 0109,01,"MASCHER,JACKQUELYN",20,0,2813026408242
BEDIER,ROMAN TRISTAN ISEUT,09,GALLIMARD,0,FR 0031,C,"NAGINSKI,ISABELLE H",18,0,9782070398768
BEER,EBK VECTOR MECHANICS FOR ENGINEERS: DYN,11,AC YUZU,MCGRAW-HIL,ME 0037,02,"KACHANOV,MARK L",29,0,2813026050830
BEER,EBK VECTOR MECHANICS FOR ENGINEERS: DYN,11,AC YUZU,MCGRAW-HIL,ME 0037,02,"KACHANOV,MARK L",29,0,2813027253520
BEER,EBK VECTOR MECHANICS FOR ENGINEERS: DYN,12,AC YUZU,MCGRAW-HIL,ME 0037,01,"KACHANOV,MARK L",29,0,2813031495978
BEER,EBK VECTOR MECHANICS FOR ENGINEERS: DYN,12,AC YUZU,MCGRAW-HIL,ME 0037,01,"KACHANOV,MARK L",29,0,2813031481742
BEER,"VECTOR MECH...,DYNAMICS",11TH 16,OE MCG,MCG,ME 0037,02,"KACHANOV,MARK L",29,0,9780077687342
BEER,"VECTOR MECH...,DYNAMICS",12TH 19,RENT MCG,RENT MCG,ME 0037,01,"KACHANOV,MARK L",29,0,9781259977305
BENNETT,GLACIAL GEOLOGY:ICE SHEETS+LANDFORMS,2ND 09,WILEY,0,EOS 0115,01,"RIDGE,JOHN C",25,0,9780470516911
BERGMANN,EBK THE LOGIC BOOK,6,AC YUZU,MCGRAW-HIL,LING 0033;PHIL 0033,01;01,"RUSSINOFF,SUSAN;RUSSINOFF,SUSAN",0;75,0;0,2813025263804
BERGMANN,EBK THE LOGIC BOOK,6,AC YUZU,MCGRAW-HIL,LING 0033;PHIL 0033,01;01,"RUSSINOFF,SUSAN;RUSSINOFF,SUSAN",0;75,0;0,2813027252578
BERGMANN,LOGIC BOOK (LOOSELEAF),6TH 14,MCG,MCG,LING 0033;PHIL 0033,01;01,"RUSSINOFF,SUSAN;RUSSINOFF,SUSAN",0;75,0;0,9781259412899
BERLIN,JEWISH STUDY BIBLE,2ND 14,OXF,OXF,ILVS 0132;JS 0132;REL 0132,01;01;01,"ROSENBERG,JOEL;ROSENBERG,JOEL;ROSENBERG,JOEL",18;18;18,0;0;0,9780199978465
BESANKO,ECONOMICS OF STRATEGY (LOOSELEAF),7TH 16,WILEY,WILEY,EC 0175,01,"FORBES,SILKE",25,0,9781119042310
BIBLE,HARPERCOLLINS STUDY BIBLE-NRSV-REV.+UPD,REV 06,HARP PUB,0,JS 0021;REL 0021,01;01,"HUTAFF,MARGARET;HUTAFF,MARGARET",25;25,0;0,9780060786847
BIRKETT,EBK PHYSIOLOGY OF BEHAVIOR,12,AC YUZU,MICROSOFT,PSY 0103,01,"MICZEK,KLAUS A",30,0,2813027001343
BIRKETT,EBK PHYSIOLOGY OF BEHAVIOR,12,AC YUZU,MICROSOFT,PSY 0103,01,"MICZEK,KLAUS A",30,0,2813026938121
BISSONNETTE,EBK GENERAL CHEMISTRY,11,AC YUZU,MICROSOFT,CHEM 0011,01,"PAMUK TURNER,DIREN",75,0,2813029039672
BISSONNETTE,EBK GENERAL CHEMISTRY,11,AC YUZU,MICROSOFT,CHEM 0011,01,"PAMUK TURNER,DIREN",75,0,2813029121803
BLOOM,REPUBLIC OF PLATO,(REV)16,HACHETTE B,0,PS 0004,01,"EVRIGENIS,IOANNIS",20,0,9780465094080
BOSE,MODERN SOUTH ASIA,4TH 18,TAYLOR,ROUTLEDGE,HIST 0046,10,"JALAL,AYESHA",35,0,9781138243682
BOSE,"NATIONALISM,DEMOCRACY+DEVELOPMENT",97,OXF,OXF,HIST 0046,10,"JALAL,AYESHA",35,0,9780195644425
BRATT,RIGHT TO HOUSING,06,UCP,TEMPLE U,UEP 0113;UEP 0213,01;01,"GREENSTEIN,ROSALIND;GREENSTEIN,ROSALIND",5;20,0;0,9781592134328
BRIGGS,CALCULUS:EARLY TRANS.-MYLABMATH ACCESS,3RD 19,PEARSON,PEARSON,MATH 0032;MATH 0032;MATH 0032;MATH 0032;MATH 0034;MATH 0034;MATH 0034;MATH 0034;MATH 0042;MATH 0042;MATH 0042,01;02;03;04;01;02;03;04;01;02;03,"KAUFMANN,GAIL F;MCNINCH,GEORGE;CHOU,MICHAEL Y.;STAFF;HU,XIAOZHE;HASSELBLATT,BORIS;KAUFMANN,GAIL F;MONTEIRO,NARIEL R.;ADLER,JAMES;GONZALEZ,FULTON B;FAUBION,ZACHARY",90;90;90;90;90;87;90;34;90;90;80,0;0;0;0;0;0;0;0;0;0;0,9780134856926
BRIGGS,CALCULUS:EARLY TRANSCEND.(LL)-W/ACCESS,3RD 19,PEARSON,PEARSON,MATH 0032;MATH 0032;MATH 0032;MATH 0032;MATH 0034;MATH 0034;MATH 0034;MATH 0034;MATH 0042;MATH 0042;MATH 0042,01;02;03;04;01;02;03;04;01;02;03,"KAUFMANN,GAIL F;MCNINCH,GEORGE;CHOU,MICHAEL Y.;STAFF;HU,XIAOZHE;HASSELBLATT,BORIS;KAUFMANN,GAIL F;MONTEIRO,NARIEL R.;ADLER,JAMES;GONZALEZ,FULTON B;FAUBION,ZACHARY",90;90;90;90;90;87;90;34;90;90;80,0;0;0;0;0;0;0;0;0;0;0,9780134996684
BRIGGS,CALCULUS:EARLY TRANSCEND.-STUD.SOLN.MAN,3RD 19,PEARSON,A-W,MATH 0032;MATH 0032;MATH 0032;MATH 0032;MATH 0034;MATH 0034;MATH 0034;MATH 0034;MATH 0042;MATH 0042;MATH 0042,01;02;03;04;01;02;03;04;01;02;03,"KAUFMANN,GAIL F;MCNINCH,GEORGE;CHOU,MICHAEL Y.;STAFF;HU,XIAOZHE;HASSELBLATT,BORIS;KAUFMANN,GAIL F;MONTEIRO,NARIEL R.;ADLER,JAMES;GONZALEZ,FULTON B;FAUBION,ZACHARY",90;90;90;90;90;87;90;34;90;90;80,0;0;0;0;0;0;0;0;0;0;0,9780134770482
BRINGUIER,CONVERSATIONS W/JEAN PIAGET,80,UCP,UCP,CSHD 0151,01,"FELDMAN,DAVID H",20,0,9780226075051
BROWN,CHEMISTRY:CENT.SCI.-SOLN.TO RED EXER.,14TH 18,PEARSON,0,CHEM 0001;CHEM 0001;CHEM 0002;CHEM 0002,01;02;01;02,"KRYATOV,SERGIY;KRYATOV,SERGIY;CAMPBELL,VICTORIA L;DAVIS,LUKE M",200;200;200;150,0;0;0;0,9780134552231
BROWN,CHEMISTRY:CENTRAL SCI.(LL)-W/MASTERING.,14TH 18,PEARSON,PEARSON,CHEM 0001;CHEM 0001,01;02,"KRYATOV,SERGIY;KRYATOV,SERGIY",200;200,0;0,9780134557328
BROWN,CHEMISTRY:CENTRAL SCI.-MASTERING.W/ETXT,14TH 18,PEARSON,PEARSON,CHEM 0001;CHEM 0001,01;02,"KRYATOV,SERGIY;KRYATOV,SERGIY",200;200,0;0,9780134553108
BROWN,CHEMISTRY:CENTRAL SCI.-W/MASTERINGCHEM.,14TH 18,PEARSON,PEARSON,CHEM 0001;CHEM 0001,01;02,"KRYATOV,SERGIY;KRYATOV,SERGIY",200;200,0;0,9780134292816
BROWN,PRIN.OF LANG.LEARNING+TEACHING,6TH 14,PEARSON,LONGMAN,ED 0114;GER 0114;LING 0114;ML 0114,01;01;01;01,"STOESSEL-DESCHNER,SA;STOESSEL-DESCHNER,SA;STOESSEL,SASKIA;STOESSEL,SASKIA",15;15;0;0,0;0;0;0,9780133041941
BRUSTAD,"AL-KITAAB...BEGIN.ARABIC,PT.1-W/DVD",3RD 11,HOPKINS F,GEORGETOWN,ARB 0001;ARB 0001;ARB 0001;ARB 0001;ARB 0001,A;B;C;D;E,"STAFF;ABDUL-AZIZ,RANA E.;STAFF;ABDUL-AZIZ,RANA E.;STAFF",15;15;15;15;15,0;0;0;0;0,9781589017368
BURKE,PHILOSOPHICAL ENQUIRY INTO SUBLIME...,98,PENG RAND,0,ENG 0191,02,"KEISER,JESS",15,0,9780140436259
BUSS,EVOLUTIONARY PSYCHOLOGY,6TH 19,TAYLOR,0,ANTH 0149;CSHD 0143,06;06,"POTT,MARTHA;POTT,MARTHA",25;25,0;0,9781138088610
CACIOLA,DISCERNING SPIRITS,03,LONGLEAF,CORNELL,HIST 0096,75,"MARRONE,STEVEN P",12,0,9780801473340
CACIOLA,EBK DISCERNING SPIRITS,0,AC YUZU,0,HIST 0096,75,"MARRONE,STEVEN P",12,0,2813030586585
CARLSON,PHYSIOLOGY OF BEHAVIOR,12TH 17,PEARSON,PEARSON,PSY 0103,01,"MICZEK,KLAUS A",30,0,9780134080918
CARSON,EBK SILENT SPRING,0,AC YUZU,MARINER BO,ENV 0001,01,"STEIN,NINIAN",80,0,2813035203913
CARSON,SILENT SPRING:ANNIVERSARY EDITION,(REV)02,HM,0,ENV 0001,01,"STEIN,NINIAN",80,0,9780618249060
CENGAGE,"CENGAGE UNLIMITED, 1 TERM -4 MONTHS, [I",1,AC IACCENGAGE,CENGAGE,EC 0003,01,"MCHUGH,CHRISTOPHER",80,0,2813036013894
CHARTERS,"STORY+ITS WRITER,2016 MLA UPDATE",9TH 15,OE MAC HIGHER,BEDFORD BK,ENG 0058,01,"BAMBER,LINDA V",20,0,9781319125189
CHAYAT,HEBREW FROM SCRATCH PART II,15,ISRAEL BK,0,HEB 0021;HEB 0121,01;01,"HARARI-SPENCER,HEDDA;HARARI-SPENCER,HEDDA",15;10,0;0,9789653501270
CHAYAT,"HEBREW FROM SCRATCH,PART 1",13,ISRAEL CON,ISRAEL CON,HEB 0001;HEB 0001;HEB 0003,A;B;A,"KIMELMAN,HAVA;KIMELMAN,HAVA;HARARI-SPENCER,HEDDA",15;15;15,0;0;0,9789653501126
CHIQUITO,HANDBOOK OF CONTEMP.SPANISH...-TEXT,12,OE VISTA HIGH,0,SPN 0121,A,"BERTE,MARIA JULIANA",12,0,9781617670978
CHOU,KALEIDOSCOPE OF CHINA,10,INGRAM PUB,PUP,CHNS 0121;CHNS 0121,A;B,"WAN,MIN;FENG,JIANPING",15;15,0;0,9780691146911
CLAYTON,PRIN.OF STELLAR EVOL.+NUCLEOSYNTHESIS,83,UCP,0,AST 0121,01,"MARCHESINI,DANILO",18,0,9780226109534
CLEVELAND,EBK A HISTORY OF THE MODERN MIDDLE EAST,6,AC YUZU,ROUTLEDGE,DHP D263,01,"FAWAZ,LEILA",0,0,2813032107870
CLEVELAND,EBK A HISTORY OF THE MODERN MIDDLE EAST,6,AC YUZU,ROUTLEDGE,DHP D263,01,"FAWAZ,LEILA",0,0,2813032085802
COETZEE,DISGRACE,99,PENG RAND,0,ENG 0129,01,"LURZ,JOHN",25,0,9780143115281
COHEN,"EBK THEATRE, BRIEF",12,AC YUZU,MCGRAW-HIL,DR 0007,01,"MONTEZ,NOE",25,0,2813036775013
COHEN,"EBK THEATRE, BRIEF",12,AC YUZU,MCGRAW-HIL,DR 0007,01,"MONTEZ,NOE",25,0,2813037062310
COHEN,"THEATRE,BRIEF",12TH 20,RENT MCG,RENT MCG,DR 0007,01,"MONTEZ,NOE",25,0,9781260057386
COLE,NO EQUAL JUSTICE,08,INGRAM PUB,NEW PRESS,SOC 0112,01,"GORDON,DAANIKA",35,0,9781565849471
COOK,ASSISTIVE TECHNOLOGIES,4TH 15,ELSEVIER,MOSBY,ENP 0105;OTS 0105,01;01,"BUXTON,JENNIFER;BUXTON,JENNIFER",24;24,0;0,9780323096317
CORRIGAN,SHORT GUIDE TO WRITING ABOUT FILM,9TH 15,PEARSON,PEARSON,CHNS 0081;FMS 0091;ILVS 0081,01;01;01,"ZHONG,XUEPING;ZHONG,XUEPING;ZHONG,XUEPING",30;30;30,0;0;0,9780321965240
COURTAD,INTRIGAS -TEXT,12,OP VISTA HIGH,VISTA HIGH,SPN 0021;SPN 0021;SPN 0021;SPN 0021;SPN 0021;SPN 0021;SPN 0021;SPN 0021;SPN 0021,A;B;C;D;E;F;G;H;J,"DE LAIRE MULGREW,ANN;DAVIS,MARIA-CONCEPCI;CANTU,ANNE;DAVIS,MARIA-CONCEPCI;CANTU,ANNE;MARCELIN,TERESA;CANTU,ANNE;MARCELIN,TERESA;LANZAS,EUGENIO",16;16;16;18;16;16;16;16;16,0;0;0;0;0;0;0;0;0,9781617671036
COURTAD,INTRIGAS -TEXT ONLY,2ND 17,VISTA HIGH,0,SPN 0021;SPN 0021;SPN 0021;SPN 0021;SPN 0021;SPN 0021;SPN 0021;SPN 0021;SPN 0021,A;B;C;D;E;F;G;H;J,"DE LAIRE MULGREW,ANN;DAVIS,MARIA-CONCEPCI;CANTU,ANNE;DAVIS,MARIA-CONCEPCI;CANTU,ANNE;MARCELIN,TERESA;CANTU,ANNE;MARCELIN,TERESA;LANZAS,EUGENIO",16;16;16;18;16;16;16;16;16,0;0;0;0;0;0;0;0;0,9781680043419
COWELL,ANDA VOL. 2-TUFTS ED.-W/ACCESS>CIB<,17,PEARSON C,0,SPN 0002;SPN 0002;SPN 0002;SPN 0002;SPN 0002;SPN 0002,A;B;C;D;E;F,"PAOLINI,ELENA;PAOLINI,ELENA;PAOLINI,ELENA;ROSSO-O'LAUGHLIN,MAR;SMITH,PATRICIA;SMITH,PATRICIA",16;16;16;16;16;16,0;0;0;0;0;0,9781323590201
COWELL,ANDA! CURSO...V.1(LL)-W/CODE >CUSTOM<,16,PEARSON C,0,SPN 0001;SPN 0001;SPN 0001;SPN 0001;SPN 0001;SPN 0001;SPN 0001;SPN 0001,A;B;C;CZ;D;E;F;G,"AKERS,JOANA;HALTOM,PAM;MALINOWSKA,MAGDALENA;HALTOM,PAM;MALINOWSKA,MAGDALENA;TANO,CHERYL ANNE;TANO,CHERYL ANNE;TANO,CHERYL ANNE",16;16;16;16;16;16;16;16,0;0;0;0;0;0;0;0,9781323508640
COX,EBK MOLECULAR BIOLOGY,2,AC YUZU,BEDFORD/ST,BIO 0105,01,"MCVEY,MITCH",65,0,2813028970266
COX,EBK MOLECULAR BIOLOGY,2,AC YUZU,BEDFORD/ST,BIO 0105,01,"MCVEY,MITCH",65,0,2813029137842
CPP,FIRO-B SELF SCORING TEST (#2216),CPP INC,0,0,ELS 0107,01,"STEPP,PAMELA",20,0,2818740161879
CROUCH,EBK PRINCIPLES OF INSTRUMENTAL ANALYSIS,7,AC YUZU,CENGAGE LE,CHEM 0141,01,"ROBBAT JR,ALBERT",30,0,2813028942126
CROUCH,EBK PRINCIPLES OF INSTRUMENTAL ANALYSIS,7,AC YUZU,CENGAGE LE,CHEM 0141,01,"ROBBAT JR,ALBERT",30,0,2813029107302
DANIELEWSKI,HOUSE OF LEAVES,00,PENG RAND,0,ENG 0191,02,"KEISER,JESS",15,0,9780375703768
DANTE,INFERNO (HOLLANDER),00,PENG RAND,ANCHOR,ENG 0108,01,"FYLER,JOHN M",25,0,9780385496988
DARLING,MOLECULAR MODEL KIT,11,DARLING M,0,CHEM 0051,01,"KRITZER,JOSHUA A.",225,0,9780964883734
DE LA FONTAINE,FABLES,07,MEP/SCHOEN,ADLER,FR 0146,A,"HAKIM,ZEINA",0,0,9782035834294
DEBARY,"SOURCES OF CHINESE TRADITION,V.1",2ND 99,INGRAM PUB,CUP,HIST 0040,10,"XU,MAN",45,0,9780231109390
DEERAUSO,LIEUTENANT NUN,96,PENG RAND,0,HIST 0155;WGSS 0185,80;07,"RANKIN,ALISHA;RANKIN,ALISHA",20;20,0;0,9780807070734
DEGRAUWE,ECONOMICS OF MONETARY UNION,12TH 19,OXF,OXF,EC 0162,02,"BETHUNE,BRIAN",35,0,9780198805229
DERSHOWITZ,MUELLER REPORT,19,INGRAM,0,SOC 0121,01,"WEINBERG,JILL D.",35,0,9781510750166
DETOCQUEVILLE,OLD REGIME+FRENCH REVOLUTION,55,PENG RAND,0,HIST 0159,82,"FOSTER,ELIZABETH",25,0,9780385092609
DING,EBK MODERN DIGITAL AND ANALOG COMMUNICA,5,AC YUZU,OXFORD UNI,EE 0107,01,"AULL,BRIAN",45,0,2813031460921
DIT),EBK LE MISANTHROPE,0,AC YUZU,B&N HACHET,FR 0031,C,"NAGINSKI,ISABELLE H",18,0,2813028777544
DIT),EBK TARTUFFE,0,AC YUZU,B&N HACHET,FR 0031;FR 0146,D;A,"HAKIM,ZEINA;HAKIM,ZEINA",18;0,0;0,2813028777506
DIXON,PROCESS OF SOCIAL RESEARCH,2ND 19,OXF,OXF,CH 0030,01,"TENDULKAR,SHALINI",35,0,9780190876654
DIYANNI,ONE HUNDRED GREAT ESSAYS,5TH 13,PEARSON,PEARSON,ENG 0001;ENG 0001,27;33,"STIFFLER,RANDALL;STIFFLER,RANDALL",15;15,0;0,9780134053387
DORFMAN,EBK NUMERICAL METHODS WITH CHEMICAL ENG,0,AC YUZU,CAMBRIDGE,CHBE 0039,01,"TZANAKAKIS,EMMANOUHL",35,0,2813028964630
DORFMAN,NUMERICAL METHODS W/CHEM.ENGINEERING...,17,CAMB,CAMB,CHBE 0039,01,"TZANAKAKIS,EMMANOUHL",35,0,9781107135116
DORNBUSCH,EBK MACROECONOMICS,13,AC YUZU,MCGRAW-HIL,EC 0012;EC 0012;EC 0012,03;04;05,"FUSILLO,MICHAEL;FUSILLO,MICHAEL;FUSILLO,MICHAEL",25;25;25,0;0;0,2813036438154
DORNBUSCH,EBK MACROECONOMICS,13,AC YUZU,MCGRAW-HIL,EC 0012;EC 0012;EC 0012,03;04;05,"FUSILLO,MICHAEL;FUSILLO,MICHAEL;FUSILLO,MICHAEL",25;25;25,0;0;0,2813036412291
DRAKE,CHARLES AUSTIN BEARD,18,LONGLEAF,0,HIST 0173,98,"EKBLADH,DAVID",10,0,9781501715167
EMECHETA,EBK THE JOYS OF MOTHERHOOD: A NOVEL,2,AC YUZU,W. W. NORT,AFR 0014;HIST 0014,01;01,"CONZ,CHRISTOPHER;CONZ,CHRISTOPHER",40;40,0;0,2813030474851
EMECHETA,JOYS OF MOTHERHOOD,2ND 14,NORTON,BRAZILLER,AFR 0014;HIST 0014,01;01,"CONZ,CHRISTOPHER;CONZ,CHRISTOPHER",40;40,0;0,9780807616239
FAULKNER,THREE FAMOUS SHORT NOVELS,11,PENG RAND,VINTAGE,AMER 0053;ENG 0063,01;01,"JOHNSON,RONNA;JOHNSON,RONNA C",0;40,0;0,9780307946751
FAZIO,DEVELOPING OCCUPATION-CENTERED PROG...,3RD 17,SLACK,SLACK,OTS 0232,01,"SKEELS,SARAH EVERHAR",52,0,9781630912598
FEDER,EBK THE PAST IN PERSPECTIVE,7,AC YUZU,OXFORD UNI,ANTH 0050;ARCH 0030,01;01,"SULLIVAN,LAUREN A.;SULLIVAN,LAUREN A.",60;60,0;0,2813028413756
FEDER,PAST IN PERSPECTIVE,7TH 17,OXF,OXF,ANTH 0050;ARCH 0030,01;01,"SULLIVAN,LAUREN A.;SULLIVAN,LAUREN A.",60;60,0;0,9780190275853
FEENSTRA,EBK INTERNATIONAL MACROECONOMICS,4,AC YUZU,BEDFORD/ST,EC 0162,01,"KIMELMAN,NANCY",35,0,2813029053340
FEENSTRA,EBK INTERNATIONAL MACROECONOMICS,4,AC YUZU,BEDFORD/ST,EC 0162,01,"KIMELMAN,NANCY",35,0,2813029137279
FEENSTRA,EBK LOOSE-LEAF VERSION FOR INTERNATIONA,4,AC YUZU,BEDFORD/ST,EC 0161,01,"BROWN,DRUSILLA",35,0,2813029196184
FEENSTRA,EBK LOOSE-LEAF VERSION FOR INTERNATIONA,4,AC YUZU,BEDFORD/ST,EC 0161,01,"BROWN,DRUSILLA",35,0,2813029272604
FEENSTRA,INTERNATIONAL MACROECONOMICS,4TH 17,MAC HIGHER,0,EC 0162,01,"KIMELMAN,NANCY",35,0,9781319061722
FELD,VENTURE DEALS,3RD 16,WILEY,WILEY,EC 0157,01,"MANOS,CHRISTOPHER",25,0,9781119259756
FERNANDEZ,EBK FROM AFRO-CUBAN RHYTHMS TO LATIN JA,1,AC YUZU,UNIVERSITY,MUS 0105,01,"SMITH,JOEL LARUE",12,0,2813022416777
FERNANDEZ,FROM AFRO-CUBAN RHYTHMS TO LATIN JAZZ,06,INGRAM PUB,U OF CA PR,MUS 0105,01,"SMITH,JOEL LARUE",12,0,9780520247086
FIELD,DISCOVERING STAT.USING IBM SPSS STAT.,5TH 18,SAGE,SAGE,CSHD 0146;DLS 0274,01;01,"JOHNSON,SARA K.;JOHNSON,SARA K.",18;18,0;0,9781526436566
FIELDS,EBK THE ESSENTIALS OF FINANCE AND ACCOU,3,AC YUZU,0,ELS 0103,01,"APESECHE,FRANK",31,0,2813026195937
FIELDS,ESSENTIALS OF FIN.+ACCT.F/NONFIN.MGRS.,3RD 16,HARP PUB,0,ELS 0103,01,"APESECHE,FRANK",31,0,9780814436943
FIORINO,EBK THE NEW ENVIRONMENTAL REGULATION,0,AC YUZU,THE MIT PR,ENV 0135,01,"STEIN,NINIAN",32,0,2813027358645
FIORINO,NEW ENVIRONMENTAL REGULATION,06,TRILITERAL,MIT PR,ENV 0135,01,"STEIN,NINIAN",32,0,9780262562188
FISHER,EBK GENERAL PRINCIPLES AND EMPIRICALLY,1,AC YUZU,CLIFFS NOT,PSY 0109,01,"MASCHER,JACKQUELYN",20,0,2813027285729
FLUECKIGER,EBK EVERYDAY HINDUISM,1,AC YUZU,WILEY-BLAC,REL 0044,01,"HATCHER,BRIAN A.",30,0,2813022720706
FLUECKIGER,EVERYDAY HINDUISM,15,WILEY,BLACKWELL,REL 0044,01,"HATCHER,BRIAN A.",30,0,9781405160216
FOLCH,EBK URBAN ANALYTICS,1,AC YUZU,0,CEE 0193;UEP 0293,01;06,"JIANG,SHAN;JIANG,SHAN",24;24,0;0,2813031661519
FORSTER,HOWARDS END,00,PENG RAND,0,ENG 0135,01,"LURZ,JOHN",25,0,9780141182131
FOX,LUCKY MAN:MEMOIR,02,HACHETTE B,0,PSY 0025,01,"KNOEPFLER,CAROLYN",50,0,9780786888740
FOX,WILL TO KILL,5TH 19,SAGE,SAGE,SOC 0094,06,"NAVA-COULTER,BRETT",40,0,9781506365961
GARCIA,CIEN ANOS DE SOLEDAD,03,PENG RAND,BALLANTINE,LST 0023;SPN 0023,01;A,"BERTE,MARIA JULIANA;BERTE,MARIA JULIANA",16;16,0;0,9780307474728
GARZANTI,DIZIONARI I GARZANTINI INGLESE HAZ,15,MEP/SCHOEN,ADLER,ITAL 0021,A,"PAUSINI,CHRITINA",0,0,9788848006286
GHYSELS ERIC,APPLIED ECONOMIC FORECASTING USING TIM,LATEST,OXF,OXF,EC 0108,01,"BIANCONI,MARCELO",20,0,9780190622015
GIBBS,LOVE CANAL,3RD 10,UCP,ISLAND PR,ENV 0001,01,"STEIN,NINIAN",80,0,9781597267922
GIVEN,INQUISITION+MEDIEVAL SOCIETY,97,LONGLEAF,CORNELL,HIST 0096,75,"MARRONE,STEVEN P",12,0,9780801487590
GOFFMAN,ON THE RUN,14,MAC HIGHER,PICADOR,ENV 0011;UEP 0011,01;01,"HOLLANDER,JUSTIN;HOLLANDER,JUSTIN",20;20,0;0,9781250065667
GOLASH-BOZA,"RACE+RACISMS,BRIEF ED.",2ND 19,OXF,OXF,AAST 0094;AFR 0011;LST 0094;SOC 0011,03;01;03;01,"GORDON,DAANIKA;GORDON,DAANIKA;GORDON,DAANIKA;GORDON,DAANIKA",0;40;0;40,0;0;0;0,9780190889432
GOLDSTEIN,CLASSICAL MECHANICS,3RD 02,PEARSON,A-W,PHY 0131,01,"MANN,A WILLIAM",20,0,9780201657029
GOLDSTEIN,EBK LAUGHTER OUT OF PLACE,1,AC YUZU,UNIVERSITY,LAS 0149;SOC 0149,01;19,"FAHLBERG,ANJULI N;FAHLBERG,ANJULI N",0;35,0;0,2813022425663
GONZALEZ,ATANDO CABOS W/MYSPANISHLAB (MULTI),5TH 17,PEARSON,PEARSON,SPN 0003;SPN 0003;SPN 0003;SPN 0003;SPN 0003;SPN 0003;SPN 0003;SPN 0003;SPN 0003;SPN 0003;SPN 0003;SPN 0003;SPN 0003;SPN 0003,A;B;C;D;E;F;G;H;J;K;L;M;N;O,"GONZALEZ PEDEMONTE,N;AKERS,JOANA;CASTRO,MARIA ISABEL;GONZALEZ PEDEMONTE,N;GONZALEZ PEDEMONTE,N;AKERS,JOANA;MALINOWSKA,MAGDALENA;CASTRO,MARIA ISABEL;CASTRO,MARIA ISABEL;FERNANDEZ-GARCIA,MAR;MEDEROS,RAYSA;STAFF;MEDEROS,RAYSA;STAFF",16;16;16;16;16;16;16;16;16;16;16;16;16;16,0;0;0;0;0;0;0;0;0;0;0;0;0;0,9780134884431
GONZALEZ-AGUIL,ATANDO CABOS-MYSPANISHLAB (MULTI SEMES.) 5TH 17,PEARSON,0,0,SPN 0003;SPN 0003;SPN 0003;SPN 0003;SPN 0003;SPN 0003;SPN 0003;SPN 0003;SPN 0003;SPN 0003;SPN 0003;SPN 0003;SPN 0003;SPN 0003,A;B;C;D;E;F;G;H;J;K;L;M;N;O,"GONZALEZ PEDEMONTE,N;AKERS,JOANA;CASTRO,MARIA ISABEL;GONZALEZ PEDEMONTE,N;GONZALEZ PEDEMONTE,N;AKERS,JOANA;MALINOWSKA,MAGDALENA;CASTRO,MARIA ISABEL;CASTRO,MARIA ISABEL;FERNANDEZ-GARCIA,MAR;MEDEROS,RAYSA;STAFF;MEDEROS,RAYSA;STAFF",16;16;16;16;16;16;16;16;16;16;16;16;16;16,0;0;0;0;0;0;0;0;0;0;0;0;0;0,9780135172407
GONZALEZ-AGUIL,ATANDO CABOS-MYSPANISHLAB (ONE SEMES.),5TH 18,PEARSON,0,SPN 0003;SPN 0003;SPN 0003;SPN 0003;SPN 0003;SPN 0003;SPN 0003;SPN 0003;SPN 0003;SPN 0003;SPN 0003;SPN 0003;SPN 0003;SPN 0003;SPN 0004;SPN 0004;SPN 0004;SPN 0004;SPN 0004;SPN 0004;SPN 0004;SPN 0004,A;B;C;D;E;F;G;H;J;K;L;M;N;O;A;B;C;D;E;F;G;H,"GONZALEZ PEDEMONTE,N;AKERS,JOANA;CASTRO,MARIA ISABEL;GONZALEZ PEDEMONTE,N;GONZALEZ PEDEMONTE,N;AKERS,JOANA;MALINOWSKA,MAGDALENA;CASTRO,MARIA ISABEL;CASTRO,MARIA ISABEL;FERNANDEZ-GARCIA,MAR;MEDEROS,RAYSA;STAFF;MEDEROS,RAYSA;STAFF;RISSE,KATHERINE;RISSE,KATHERINE;RISSE,KATHERINE;DE LAIRE MULGREW,ANN;LANZAS,EUGENIO;DE LAIRE MULGREW,ANN;LANZAS,EUGENIO;FERNANDEZ-GARCIA,MAR",16;16;16;16;16;16;16;16;16;16;16;16;16;16;16;16;16;16;16;16;16;16,0;0;0;0;0;0;0;0;0;0;0;0;0;0;0;0;0;0;0;0;0;0,9780134039954
GONZALEZ-AGUIL,ATANDO CABOS-W/MYSPANISHLAB (ONE SEMTER) 5TH 17,PEARSON,0,0,SPN 0003;SPN 0003;SPN 0003;SPN 0003;SPN 0003;SPN 0003;SPN 0003;SPN 0003;SPN 0003;SPN 0003;SPN 0003;SPN 0003;SPN 0003;SPN 0003;SPN 0004;SPN 0004;SPN 0004;SPN 0004;SPN 0004;SPN 0004;SPN 0004;SPN 0004,A;B;C;D;E;F;G;H;J;K;L;M;N;O;A;B;C;D;E;F;G;H,"GONZALEZ PEDEMONTE,N;AKERS,JOANA;CASTRO,MARIA ISABEL;GONZALEZ PEDEMONTE,N;GONZALEZ PEDEMONTE,N;AKERS,JOANA;MALINOWSKA,MAGDALENA;CASTRO,MARIA ISABEL;CASTRO,MARIA ISABEL;FERNANDEZ-GARCIA,MAR;MEDEROS,RAYSA;STAFF;MEDEROS,RAYSA;STAFF;RISSE,KATHERINE;RISSE,KATHERINE;RISSE,KATHERINE;DE LAIRE MULGREW,ANN;LANZAS,EUGENIO;DE LAIRE MULGREW,ANN;LANZAS,EUGENIO;FERNANDEZ-GARCIA,MAR",16;16;16;16;16;16;16;16;16;16;16;16;16;16;16;16;16;16;16;16;16;16,0;0;0;0;0;0;0;0;0;0;0;0;0;0;0;0;0;0;0;0;0;0,9780134858135
GOODALL,HINDU SCRIPTURES,96,INGRAM PUB,U OF CA PR,REL 0044,01,"HATCHER,BRIAN A.",30,0,9780520207783
GORDON,EBK REAL RESEARCH,2,AC YUZU,0,SOC 0100,01,"MARROW,HELEN B.",35,0,2813036932034
GORDON,EBK REAL RESEARCH,2,AC YUZU,0,SOC 0100,01,"MARROW,HELEN B.",35,0,2813036966169
GORDON,REAL RESEARCH,2ND 20,SAGE,SAGE,SOC 0100,01,"MARROW,HELEN B.",35,0,9781544339689
GREEN,BOMBAY ISLAM:RELIGIOUS ECONOMY...,13,CAMB,CAMB,CST 0194;REL 0149,04;01,"HATCHER,BRIAN A.;HATCHER,BRIAN A.",0;15,0;0,9781107627796
GREENBLATT,"NORTON ANTH.ENGLISH LIT.-VOL.A,B+C",10TH 18,NORTON,0,ENG 0021,01,"HABER,JUDITH D",40,0,9780393603125
GREGORY,EBK A HISTORY OF BYZANTIUM,2,AC YUZU,WILEY-BLAC,CLS 0039;HIST 0058,01;15,"PROCTOR,DAVID JOHN;PROCTOR,DAVID JOHN",128;128,0;0,2813027712621
GRIFFITHS,EBK INTRODUCTION TO ELECTRODYNAMICS,4,AC YUZU,CAMBRIDGE,PHY 0042,01,"NAPIER,AUSTIN",20,0,2813030743896
GRIFFITHS,EBK INTRODUCTION TO QUANTUM MECHANICS,3,AC YUZU,CAMBRIDGE,PHY 0061,01,"FORD,LAWRENCE H",30,0,2813035254519
GRIFFITHS,INTRO.TO ELECTRODYNAMICS,4TH 17,CAMB,CAMB,PHY 0042,01,"NAPIER,AUSTIN",20,0,9781108420419
GRIFFITHS,INTRO.TO ELEMENTARY PARTICLES-REVISED,2ND 08,WILEY,0,PHY 0183,01,"SLIWA,CHRISTOPHER J.",20,0,9783527406012
GRIFFITHS,INTRO.TO QUANTUM MECHANICS,3RD 18,CAMB,CAMB,PHY 0061,01,"FORD,LAWRENCE H",30,0,9781107189638
GRIMAL,PENGUIN DICT.OF CLASSICAL MYTHOLOGY,90,PENG RAND,PENG,ENG 0108,01,"FYLER,JOHN M",25,0,9780140512359
GRIMBERT,UN SECRET,04,L DE POCHE,L DE POCHE,FR 0022,C,"TAIEB,ANNE",16,0,9782253117186
GROOPMAN,YOUR MEDICAL MIND,12,PENG RAND,PENG,CH 0099,01,"BENTKOVER,JUDITH",25,0,9780143122241
GROSJEAN,PSYCHOLINGUISTICS OF BILINGUALISM,13,WILEY,WILEY,PSY 0152,01,"DE RUITER,LAURA",20,0,9781444332797
HABERMAN,APPLIED PARTIAL DIFF.(CLASSIC VERSION),5TH 19,PEARSON,A-W,MATH 0155,01,"BOGHOSIAN,BRUCE M",40,0,9780134995434
HACKER,RULES FOR WRITERS,9TH 19,MAC HIGHER,BEDFORD BK,ENG 0001;ENG 0001;ENG 0001;ENG 0001,12;20;39;47,"CRANO,RICKY D.;CRANO,RICKY D.;CLEMENTS,CHARLES A.;CALLOWAY,GRAEME L.",15;15;12;12,0;0;0;0,9781319057428
HANSEN,OPEN EMPIRE,2ND 15,NORTON,NORTON,HIST 0040,10,"XU,MAN",45,0,9780393938777
HARIRI,LOOKING INSIDE THE DISORDERED BRAIN,15,OXF,SINAUER,PSY 0112,01,"VANELZAKKER,MICHAEL",20,0,9780878939794
HARPER COLLINS,HARPER COLLINS FRENCH DICT.-FRENCH ENG.,07,HARP PUB,0,FR 0003;FR 0003;FR 0003;FR 0003;FR 0003;FR 0003;FR 0004;FR 0004;FR 0004;FR 0004,A;B;C;D;E;F;A;B;C;D,"MILLER,KERRI LEE CON;KELLY,NANCY;MILLER,KERRI LEE CON;HEITZMAN,BRENNA K.;KELLY,NANCY;HEITZMAN,BRENNA K.;PAULING,DAVID F;PAULING,DAVID F;TAIEB,ANNE;THOMAS,VIOLA GERTRUD",16;16;16;16;16;16;16;16;16;16,0;0;0;0;0;0;0;0;0;0,9780061260476
HARRIS,EBK MAKING RENT IN BED-STUY,0,AC YUZU,HARPERSANF,ENV 0011;UEP 0011,01;01,"HOLLANDER,JUSTIN;HOLLANDER,JUSTIN",20;20,0;0,2813032828522
HARVEY,EBK WRITING WITH SOURCES,3,AC YUZU,HACKETT PU,PS 0004,01,"EVRIGENIS,IOANNIS",20,0,2813032118227
HARVEY,WRITING WITH SOURCES,3RD 17,HACKETT,0,PS 0004,01,"EVRIGENIS,IOANNIS",20,0,9781624665547
HAVERBEKE,ELOQUENT JAVASCRIPT,3RD 19,INGRAM PUB,OREILLY,COMP 0086,01,"JACOB,ROBERT",49,0,9781593279509
HAWLEY,SONGS OF THE SAINTS OF INDIA,2ND 04,OXF,OXF,REL 0044,01,"HATCHER,BRIAN A.",30,0,9780195694208
HAYDEN-MCNEIL,STUDENT LAB NOTEBOOK (NEW ONLY),99,HAYDEN-MCN,0,CHEM 0001;CHEM 0001;CHEM 0002;CHEM 0002;CHEM 0053,01;02;01;02;01,"KRYATOV,SERGIY;KRYATOV,SERGIY;CAMPBELL,VICTORIA L;DAVIS,LUKE M;STOLOW,ROBERT D",200;200;200;150;250,0;0;0;0;0,9781930882003
HAYKIN,EBK COMMUNICATION SYSTEMS,5,AC YUZU,WILEY,EE 0107,01,"AULL,BRIAN",45,0,2813026013590
HAYKIN,EBK COMMUNICATION SYSTEMS,5,AC YUZU,WILEY,EE 0107,01,"AULL,BRIAN",45,0,2813036636543
HECHT,EBK OPTICS,5,AC YUZU,MICROSOFT,BME 0215;PHY 0031;PHY 0115,01;01;01,"GOLDSTEIN,GARY R;GOLDSTEIN,GARY R;GOLDSTEIN,GARY R",30;30;30,0;0;0,2813031264109
HECHT,EBK OPTICS,5,AC YUZU,MICROSOFT,BME 0215;PHY 0031;PHY 0115,01;01;01,"GOLDSTEIN,GARY R;GOLDSTEIN,GARY R;GOLDSTEIN,GARY R",30;30;30,0;0;0,2813031288594
HEIM,SEMANTICS IN GENERATIVE GRAMMAR,98,WILEY,0,LING 0113;PHIL 0111;PSY 0150,01;01;01,"NINAN,DILIP;NINAN,DILIP;NINAN,DILIP",30;30;30,0;0;0,9780631197133
HEMINGWAY,IN OUR TIME,03,S+S,SCRIB,AMER 0053;ENG 0063,01;01,"JOHNSON,RONNA;JOHNSON,RONNA C",0;40,0;0,9780684822761
HERLIHY,HISTORY OF FEUDALISM,79,PENG RAND,0,HIST 0055,13,"MARRONE,STEVEN P",30,0,9781573922814
HIBBELER,EBK MECHANICS OF MATERIALS,10,AC YUZU,MICROSOFT,ME 0020;ME 0020,01;02,"KOUSHYAR,HODA;KOUSHYAR,HODA",33;33,0;0,2813027000674
HIBBELER,EBK MECHANICS OF MATERIALS,10,AC YUZU,MICROSOFT,ME 0020;ME 0020,01;02,"KOUSHYAR,HODA;KOUSHYAR,HODA",33;33,0;0,2813026937926
HIBBELER,MECHANICS OF MATERIALS,10TH 17,PEARSON,PH,ME 0020;ME 0020,01;02,"KOUSHYAR,HODA;KOUSHYAR,HODA",33;33,0;0,9780134319650
HOCHSCHILD,EBK KING LEOPOLD'S GHOST,0,AC YUZU,MARINER BO,AFR 0014;HIST 0014,01;01,"CONZ,CHRISTOPHER;CONZ,CHRISTOPHER",40;40,0;0,2813027286269
HOCHSTEIN,"EBK MUNSON, YOUNG AND OKIISHI'S FUNDAME",8,AC YUZU,WILEY,ES 0008,ME1,"GUASTO,JEFFREY",29,0,2813036263671
HOCHSTEIN,"EBK MUNSON, YOUNG AND OKIISHI'S FUNDAME",8,AC YUZU,WILEY,ES 0008,ME1,"GUASTO,JEFFREY",29,0,2813036643329
HOFFMAN,LATE ANTIQUE+MED.ART OF MEDITERRANEAN,07,WILEY,BLACKWELL,FAH 0028,01,"HOFFMAN,EVA R",25,0,9781405120722
HOGG,PROBABILITY+STATISTICAL INFERENCE,10TH 20,PEARSON,PEARSON,EC 0201,01,"STOREYGARD,ADAM",38,0,9780135189399
HOLLANDER,EBK AN ORDINARY CITY,0,AC YUZU,SPRINGER S,ENV 0011;UEP 0011,01;01,"HOLLANDER,JUSTIN;HOLLANDER,JUSTIN",20;20,0;0,2813036803648
HOLLINGHURST,LINE OF BEAUTY,04,MAC HIGHER,0,ENG 0129,01,"LURZ,JOHN",25,0,9781582346106
HUBBARD,"MONEY,BANKING+FINAN...(LL)-W/MYECONLAB",3RD 18,PEARSON,PEARSON,EC 0151,01,"MCHUGH,CHRISTOPHER",35,0,9780134640273
HUBBARD,"MONEY,BANKING+FINANCIAL SYS.-MYECONLAB",3RD 18,PEARSON,PEARSON,EC 0151,01,"MCHUGH,CHRISTOPHER",35,0,9780134525860
HUBBARD,"MONEY,BANKING+FINANCIAL SYS.-W/MYECONLB",3RD 18,PEARSON,PEARSON,EC 0151,01,"MCHUGH,CHRISTOPHER",35,0,9780134640280
HURSTON,EBK THEIR EYES WERE WATCHING GOD,0,AC YUZU,HARPERSANF,AMER 0053;ENG 0063,01;01,"JOHNSON,RONNA;JOHNSON,RONNA C",0;40,0;0,2813028084345
HURSTON,"THEIR EYES WERE WATCHING GOD,75TH ANN.",37,HARP PUB,PERENNIAL,AMER 0053;ENG 0063,01;01,"JOHNSON,RONNA;JOHNSON,RONNA C",0;40,0;0,9780060838676
ISHIGURO,REMAINS OF THE DAY,89,PENG RAND,0,ENG 0129,01,"LURZ,JOHN",25,0,9780679731726
JALAL,BLACK MILK,97,SOUTH ASIA,0,HIST 0046,10,"JALAL,AYESHA",35,0,9789693503005
JAMES,TURN OF THE SCREW,3RD 10,MAC HIGHER,BEDFORD BK,ENG 0002;ENG 0002,01;02,"LEAVELL,ELIZABETH;LEAVELL,ELIZABETH",15;15,0;0,9780312597061
JEFFREY,EBK FORMAL LOGIC,4,AC YUZU,HACKETT PU,LING 0103;PHIL 0103,01;01,"SMITH,GEORGE E;SMITH,GEORGE E",0;30,0;0,2813029819151
JEFFREY,EBK THE PROCESS OF SOCIAL RESEARCH,2,AC YUZU,OXFORD UNI,CH 0030,01,"TENDULKAR,SHALINI",35,0,2813032269714
JERVIS,EBK INTERNATIONAL POLITICS,13,AC YUZU,MICROSOFT,PS 0061,01,"MUFTI,MALIK",175,0,2813027001275
JERVIS,EBK INTERNATIONAL POLITICS,13,AC YUZU,MICROSOFT,PS 0061,01,"MUFTI,MALIK",175,0,2813026938244
JORDAN,"EBK CHILDREN, ADOLESCENTS, AND THE MEDI",3,AC YUZU,SAGE PUBLI,CSHD 0167;CVS 0147;FMS 0052,01;01;01,"DOBROW,JULIE;DOBROW,JULIE;DOBROW,JULIE",35;0;35,0;0;0,2813026375599
JORDAN,"EBK CHILDREN, ADOLESCENTS, AND THE MEDI",3,AC YUZU,SAGE PUBLI,CSHD 0167;CVS 0147;FMS 0052,01;01;01,"DOBROW,JULIE;DOBROW,JULIE;DOBROW,JULIE",35;0;35,0;0;0,2813025494963
JOUET-PASTRE,PONTO DE ENCONTRO (LOOSELEAF)-W/ACCESS,2ND 13,PEARSON,PH,LAS 0001;POR 0001,01;A,"CHAMPLIN,MARIA;CHAMPLIN,MARIA",16;16,0;0,9780205998494
KALAT,BIOLOGICAL PSYCHOLOGY,13TH 19,CENGAGE L,CENGAGE L,PSY 0025,01,"KNOEPFLER,CAROLYN",50,0,9781337408202
KALAT,EBK BIOLOGICAL PSYCHOLOGY,13,AC YUZU,CENGAGE LE,PSY 0025,01,"KNOEPFLER,CAROLYN",50,0,2813031361464
KALAT,EBK BIOLOGICAL PSYCHOLOGY,13,AC YUZU,CENGAGE LE,PSY 0025,01,"KNOEPFLER,CAROLYN",50,0,2813031549602
KARA,EBK SEX TRAFFICKING,0,AC YUZU,COLUMBIA U,SOC 0094,06,"NAVA-COULTER,BRETT",40,0,2813029163629
KARA,SEX TRAFFICKING:INSIDE THE BUSINESS...,10,INGRAM PUB,CUP,SOC 0094,06,"NAVA-COULTER,BRETT",40,0,9780231139618
KARRAS,EBK SEXUALITY IN MEDIEVAL EUROPE,3,AC YUZU,ROUTLEDGE,HIST 0155;WGSS 0185,80;07,"RANKIN,ALISHA;RANKIN,ALISHA",20;20,0;0,2813028971829
KARRAS,EBK SEXUALITY IN MEDIEVAL EUROPE,3,AC YUZU,ROUTLEDGE,HIST 0155;WGSS 0185,80;07,"RANKIN,ALISHA;RANKIN,ALISHA",20;20,0;0,2813029151176
KARRAS,SEXUALITY IN MEDIEVAL EUROPE,3RD 17,TAYLOR,0,HIST 0155;WGSS 0185,80;07,"RANKIN,ALISHA;RANKIN,ALISHA",20;20,0;0,9781138860896
KEITH,MULTIPLE REGRESSION+BEYOND,3RD 19,TAYLOR,0,CSHD 0252;DLS 0252,01;01,"JOHNSON,SARA K.;JOHNSON,SARA K.",18;0,0;0,9781138061446
KERNELL,LOGIC OF AMERICAN POLITICS,9TH 20,SAGE,CQ,AMER 0048;PS 0011,01;01,"SCHAFFNER,BRIAN;SCHAFFNER,BRIAN",75;75,0;0,9781544322995
KESSEL,L'EVASION:,FR 0004 SUPPLEMENT >C<,2005,XANEDU,FR 0004;FR 0004;FR 0004;FR 0004,A;B;C;D,"PAULING,DAVID F;PAULING,DAVID F;TAIEB,ANNE;THOMAS,VIOLA GERTRUD",16;16;16;16,0;0;0;0,2818740138482
KILMAN,TKI SELF SCORING TEST (#4183),CPP INC,0,0,ELS 0107,01,"STEPP,PAMELA",20,0,2818740161862
KIRKWOOD,EBK PUBLIC HEALTH 101,3,AC YUZU,JONES & BA,CH 0001,01,STAFF,60,0,2813031439149
KIRKWOOD,EBK PUBLIC HEALTH 101,3,AC YUZU,JONES & BA,CH 0001,01,STAFF,60,0,2813031461508
KIRSCH,EBK THE REPUBLIC OF PLATO,3,AC YUZU,B&N HACHET,PS 0004,01,"EVRIGENIS,IOANNIS",20,0,2813032284847
KLAASSEN,CASARETT+DOULL'S ESSENTIALS OF TOXICOL.,3RD 15,MCG,MCG,CEE 0157;ENV 0167,01;01,"DESMARAIS,ANNE MARIE;DESMARAIS,ANNE MARIE",35;35,0;0,9780071847087
KLEIN,EBK ORGANIC CHEMISTRY AS A SECOND LANGU,4,AC YUZU,WILEY,CHEM 0051,01,"KRITZER,JOSHUA A.",225,0,2813027033252
KLEIN,EBK ORGANIC CHEMISTRY AS A SECOND LANGU,4,AC YUZU,WILEY,CHEM 0051,01,"KRITZER,JOSHUA A.",225,0,2813036643794
KLEIN,EBK ORGANIC CHEMISTRY STUDENT SOLUTION,3,AC YUZU,WILEY,CHEM 0051,01,"KRITZER,JOSHUA A.",225,0,2813029179958
KLEIN,EBK ORGANIC CHEMISTRY STUDENT SOLUTION,3,AC YUZU,WILEY,CHEM 0051,01,"KRITZER,JOSHUA A.",225,0,2813036645507
KLEIN,"ORGANIC CHEM.,PRIN.COMP.-(LL)SOLNS/S.G.",3RD 17,WILEY,0,CHEM 0051,01,"KRITZER,JOSHUA A.",225,0,9781119378693
KLEIN,ORGANIC CHEM.AS 2ND LANG.-1ST SEMESTER,4TH 17,WILEY,WILEY,CHEM 0051,01,"KRITZER,JOSHUA A.",225,0,9781119110668
KLEIN,ORGANIC CHEMISTRY-PRINT (LL)-W/WILEY,3RD 17,WILEY,0,CHEM 0051,01,"KRITZER,JOSHUA A.",225,0,9781119340577
KRAFT,EBK ENVIRONMENTAL POLICY,10,AC YUZU,SAGE PUBLI,ENV 0135,01,"STEIN,NINIAN",32,0,2813031711030
KRAFT,EBK ENVIRONMENTAL POLICY,10,AC YUZU,SAGE PUBLI,ENV 0135,01,"STEIN,NINIAN",32,0,2813031716325
KRUGMAN,EBK ECONOMICS,5,AC YUZU,BEDFORD/ST,EC 0005,02,"KIMELMAN,NANCY",200,0,2813032140501
KRUGMAN,EBK INTERNATIONAL ECONOMICS: THEORY AND,11,AC YUZU,MICROSOFT,EC 0060;EC 0060,01;02,"SPOLAORE,ENRICO;BROWN,DRUSILLA",123;35,0;0,2813031121211
KRUGMAN,ECONOMICS,5TH 18,MAC HIGHER,0,EC 0005,02,"KIMELMAN,NANCY",200,0,9781319066604
KRUGMAN,INTERNATIONAL ECONOMICS,11TH 18,RENT PEARS,0,EC 0060;EC 0060,01;02,"SPOLAORE,ENRICO;BROWN,DRUSILLA",123;35,0;0,9780134519579
KRUGMAN,INTERNATIONAL FINANCE,11TH 18,RENT PEARS,RENT PEARS,EC 0162,02,"BETHUNE,BRIAN",35,0,9780134519548
KUHL,EBK THE SCIENTIST IN THE CRIB,0,AC YUZU,HARPERSANF,CSHD 0151,01,"FELDMAN,DAVID H",20,0,2813032721564
KURIYAN,MOLECULES OF LIFE,13,NORTON,0,CHEM 0135,01,"LIN,YU-SHAN",30,0,9780815341888
LAFAYETTE,LA PRINCESSE DE CLEVES,09,GARN-FLAMM,GARN-FLAMM,FR 0146,A,"HAKIM,ZEINA",0,0,9782081229174
LAFORET,NADA,07,PENG RAND,MOD LIB,SPN 0030,A,"POLLAKOWSKI,KATHLEEN",18,0,9780812977714
LAI,EBK INTRODUCTION TO CONTINUUM MECHANICS,4,AC YUZU,ACADEMIC P,CEE 0122;ME 0122,01;01,"SOKOLOV,IGOR;SOKOLOV,IGOR",30;30,0;0,2813027553170
LAI,EBK INTRODUCTION TO CONTINUUM MECHANICS,4,AC YUZU,ACADEMIC P,CEE 0122;ME 0122,01;01,"SOKOLOV,IGOR;SOKOLOV,IGOR",30;30,0;0,2813035292658
LAI,INTRO.TO CONTINUUM MECHANICS,4TH 10,ELSEVIER,0,CEE 0122;ME 0122,01;01,"SOKOLOV,IGOR;SOKOLOV,IGOR",30;30,0;0,9780750685603
LAREAU,EBK UNEQUAL CHILDHOODS,2,AC YUZU,UNIVERSITY,SOC 0001,01,"MARROW,HELEN B.",75,0,2813022422426
LATHI,MODERN DIGITAL+ANALOG COMMUN.SYS.,5TH 19,OXF,OXF,EE 0107,01,"AULL,BRIAN",45,0,9780190686840
LAURISON,CLASS CEILING: WHY IT PAYS TO BE,2018,UCP,0,AAST 0194;AFR 0147;AMER 0194;LAS 0191;LST 0194;SOC 0188,04;08;06;04;04;12,"DIAS,FELIPE;DIAS,FELIPE;DIAS,FELIPE;DIAS,FELIPE;DIAS,FELIPE;DIAS,FELIPE",0;0;0;0;0;15,0;0;0;0;0;0,9781447336068
LAY,EBK LINEAR ALGEBRA AND ITS APPLICATIONS,4,AC YUZU,MICROSOFT,MATH 0070;MATH 0070;MATH 0070;MATH 0070,01;02;03;04,"KIM,KI YEUN;QUINTO,ERIC TODD;LEMKE-OLIVER,ROBERT;LEMKE-OLIVER,ROBERT",40;40;40;40,0;0;0;0,2813024152253
LAY,EBK LINEAR ALGEBRA AND ITS APPLICATIONS,4,AC YUZU,MICROSOFT,MATH 0070;MATH 0070;MATH 0070;MATH 0070,01;02;03;04,"KIM,KI YEUN;QUINTO,ERIC TODD;LEMKE-OLIVER,ROBERT;LEMKE-OLIVER,ROBERT",40;40;40;40,0;0;0;0,2813025508691
LAYZER,OPEN FOR BUSINESS,12,TRILITERAL,MIT PR,ENV 0135,01,"STEIN,NINIAN",32,0,9780262526029
LEE,ROUTLEDGE ADV.CHINESE MULTI...-W/2 CDS,2ND 14,TAYLOR,ROUTLEDGE,CHNS 0123,01,"WANG,SHAOMEI",14,0,9780415841337
LEEDS,EBK THE ECONOMICS OF SPORTS,6,AC YUZU,ROUTLEDGE,EC 0148,01,"DOWNES,THOMAS",20,0,2813032012792
LEEDS,EBK THE ECONOMICS OF SPORTS,6,AC YUZU,ROUTLEDGE,EC 0148,01,"DOWNES,THOMAS",20,0,2813032080869
LEEDS,ECONOMICS OF SPORTS,6TH 18,TAYLOR,ROUTLEDGE,EC 0148,01,"DOWNES,THOMAS",20,0,9781138052161
LEMAY,WOMEN'S SECRETS,92,SUNY PRESS,0,HIST 0155;WGSS 0185,80;07,"RANKIN,ALISHA;RANKIN,ALISHA",20;20,0;0,9780791411445
LENCIONI,EBK THE FIVE DYSFUNCTIONS OF A TEAM: A,1,AC YUZU,CLIFFS NOT,EM 0054;EM 0054,CE;01,"SAWYER,ANNETTE;SAWYER,ANNETTE",20;20,0;0,2813024157487
LERNER,AVERROES ON PLATO'S REPUBLIC,05,LONGLEAF,CORNELL,PS 0158,01,"MUFTI,MALIK",20,0,9780801489754
LERNER,CONCEPTS+THEORIES OF HUMAN DEVEL.(PB),3RD 14,TAYLOR,TAYLOR,CSHD 0248,01,"LERNER,RICHARD M.",20,0,9781138012455
LI,EBK THE PSYCHOLINGUISTICS OF BILINGUALI,1,AC YUZU,WILEY-BLAC,PSY 0152,01,"DE RUITER,LAURA",20,0,2813031494339
LONGINUS,ON GREAT WRITING,91,HACKETT,HACKETT,ENG 0191,02,"KEISER,JESS",15,0,9780872200807
LUNG-AMAM,TRESPASSERS?,17,INGRAM PUB,U OF CA PR,ENV 0011;UEP 0011,01;01,"HOLLANDER,JUSTIN;HOLLANDER,JUSTIN",20;20,0;0,9780520293908
LYNNE,EBK INDUSTRIAL ORGANIZATION: THEORY AND,5,AC YUZU,WILEY,EC 0170,01,"MENEGOTTO,DEBORAH",35,0,2813024190477
LYNNE,EBK INDUSTRIAL ORGANIZATION: THEORY AND,5,AC YUZU,WILEY,EC 0170,01,"MENEGOTTO,DEBORAH",35,0,2813036639933
LYS,EBK GETTING (MORE OF) WHAT YOU WANT,0,AC YUZU,B&N HACHET,CVS 0183;PJS 0131;UEP 0130,01;01;01,"BURDICK,ROBERT;BURDICK,ROBERT;BURDICK,ROBERT",0;33;33,0;0;0,2813032284663
MARCY,EBK EMOTIONALLY INTELLIGENT LEADERSHIP:,2,AC YUZU,CLIFFS NOT,EM 0054;EM 0054,CE;01,"SAWYER,ANNETTE;SAWYER,ANNETTE",20;20,0;0,2813026222299
MARSHAK,EARTH:PORTRAIT OF A PLANET-TEXT,6TH 19,NORTON,0,EOS 0001,01,"GARDULSKI,ANNE F",45,0,9780393617511
MARSHALL,NUMBER THEORY THROUGH INQUIRY,07,AM MATH,MATH ASSN,MATH 0063,01,"WALSH,GENEVIEVE",34,0,9780883857519
MAS-COLELL,MICROECONOMIC THEORY (CLOTH),95,OXF,OXF,EC 0203,01,"METCALF,GILBERT",38,0,9780195073409
MASH,"EBK CHILD PSYCHOPATHOLOGY, THIRD EDITIO",3,AC YUZU,THE GUILFO,CSHD 0191,01,"MODRY-MANDELL,KERRI",30,0,2813026359414
MASON,EBK GILGAMESH,0,AC YUZU,OPEN ROAD,ILVS 0132;JS 0132;REL 0132,01;01;01,"ROSENBERG,JOEL;ROSENBERG,JOEL;ROSENBERG,JOEL",18;18;18,0;0;0,2813027286290
MASON,GILGAMESH:VERSE NARRATIVE,03,HM,0,ILVS 0132;JS 0132;REL 0132,01;01;01,"ROSENBERG,JOEL;ROSENBERG,JOEL;ROSENBERG,JOEL",18;18;18,0;0;0,9780618275649
MATTHEW,EBK GLACIAL GEOLOGY - ICE SHEETS AND LA,2,AC YUZU,WILEY-BLAC,EOS 0115,01,"RIDGE,JOHN C",25,0,2813022730835
MAURIZIO,EBK CLASSICAL MYTHOLOGY IN CONTEXT,1,AC YUZU,OXFORD UNI,CLS 0075,01,"BEAULIEU,MARIE-CLAIR",50,0,2813025993190
MAYNARD,PRINCIPLES OF JAPANESE DISCOURSE,98,CAMB,CAMB,JPN 0021;JPN 0121,01;01,"YAGI;KOIZUMI,SHIORI",0;0,0;0,9780521599092
MAYUMI,TOBIRA,09,KINOKUNIYA,JAPAN TIME,JPN 0021;JPN 0121,01;01,"YAGI;KOIZUMI,SHIORI",0;0,0;0,9784874244470
MCQUADE,EBK THE WRITER'S PRESENCE,9,AC YUZU,BEDFORD/ST,ENG 0001;ENG 0001;ENG 0001;ENG 0001,12;20;39;47,"CRANO,RICKY D.;CRANO,RICKY D.;CLEMENTS,CHARLES A.;CALLOWAY,GRAEME L.",15;15;12;12,0;0;0;0,2813031610593
MCQUADE,WRITER'S PRESENCE,9TH 18,MAC HIGHER,BEDFORD BK,ENG 0001;ENG 0001;ENG 0001;ENG 0001,12;20;39;47,"CRANO,RICKY D.;CRANO,RICKY D.;CLEMENTS,CHARLES A.;CALLOWAY,GRAEME L.",15;15;12;12,0;0;0;0,9781319056605
MEADOWS,EBK THINKING IN SYSTEMS,1,AC YUZU,CHELSEA GR,ENV 0001;ENV 0135,01;01,"STEIN,NINIAN;STEIN,NINIAN",80;32,0;0,2813023507436
MEKHENNET,I WAS TOLD TO COME ALONE,18,MAC HIGHER,ST MARTIN,ENG 0007;FMS 0041,01;01,"MILLER,NEIL;MILLER,NEIL",12;12,0;0,9781250180575
MELITZ,EBK INTERNATIONAL ECONOMICS,11,AC YUZU,MICROSOFT,EC 0060;EC 0060,01;02,"SPOLAORE,ENRICO;BROWN,DRUSILLA",123;35,0;0,2813029277784
MELITZ,EBK INTERNATIONAL FINANCE,11,AC YUZU,MICROSOFT,EC 0162,02,"BETHUNE,BRIAN",35,0,2813029157017
MELITZ,EBK INTERNATIONAL FINANCE,11,AC YUZU,MICROSOFT,EC 0162,02,"BETHUNE,BRIAN",35,0,2813029277753
MENDELSON,EBK VENTURE DEALS: BE SMARTER THAN YOUR,3,AC YUZU,CLIFFS NOT,EC 0157,01,"MANOS,CHRISTOPHER",25,0,2813029716122
MERRIAM-WEBSTR,MERRIAM-WEBSTER'S SPANISH-ENGLISH DICT.,REV 14,MERRIAM,0,SPN 0003;SPN 0003;SPN 0003;SPN 0003;SPN 0003;SPN 0003;SPN 0003;SPN 0003;SPN 0003;SPN 0003;SPN 0003;SPN 0003;SPN 0003;SPN 0003;SPN 0004;SPN 0004;SPN 0004;SPN 0004;SPN 0004;SPN 0004;SPN 0004;SPN 0004,A;B;C;D;E;F;G;H;J;K;L;M;N;O;A;B;C;D;E;F;G;H,"GONZALEZ PEDEMONTE,N;AKERS,JOANA;CASTRO,MARIA ISABEL;GONZALEZ PEDEMONTE,N;GONZALEZ PEDEMONTE,N;AKERS,JOANA;MALINOWSKA,MAGDALENA;CASTRO,MARIA ISABEL;CASTRO,MARIA ISABEL;FERNANDEZ-GARCIA,MAR;MEDEROS,RAYSA;STAFF;MEDEROS,RAYSA;STAFF;RISSE,KATHERINE;RISSE,KATHERINE;RISSE,KATHERINE;DE LAIRE MULGREW,ANN;LANZAS,EUGENIO;DE LAIRE MULGREW,ANN;LANZAS,EUGENIO;FERNANDEZ-GARCIA,MAR",16;16;16;16;16;16;16;16;16;16;16;16;16;16;16;16;16;16;16;16;16;16,0;0;0;0;0;0;0;0;0;0;0;0;0;0;0;0;0;0;0;0;0;0,9780877798248
MILTON,PARADISE LOST-W/UPDATED FURTHER RDGS.,03,PENG RAND,0,ENG 0191,02,"KEISER,JESS",15,0,9780140424393
MITCHELL,PROMENADES (LL) V2(CH7-13)W/ACCESS,3RD 18,VISTA HIGH,VISTA HIGH,FR 0002;FR 0002;FR 0002,A;B;C,"GILLETTE,MARIE;GILLETTE,MARIE;PONCET-MONTANGE,ANNE",16;16;16,0;0;0,9781680055023
MITCHELL,PROMENADES (LL)-W/ACCESS,3RD 18,VISTA HIGH,VISTA HIGH,FR 0001;FR 0001;FR 0001;FR 0001;FR 0001,A;B;C;D;E,"RICE,ANNE-CHRISTINE;MILLER,KERRI LEE CON;RICE,ANNE-CHRISTINE;PONCET-MONTANGE,ANNE;SIMPSON,DANA",16;16;16;16;16,0;0;0;0;0,9781680050257
MOLIERE,LE MISANTHROPE,11,L LAROUSSE,0,FR 0031,C,"NAGINSKI,ISABELLE H",18,0,9782035861559
MOLIERE,LE TARTUFFE,06,L LAROUSSE,0,FR 0031;FR 0146,D;A,"HAKIM,ZEINA;HAKIM,ZEINA",18;0,0;0,9782035859174
MOLINA,LOS MISTERIOS DE MADRID,1ST,ADLER,0,SPN 0191,B,"POLLAKOWSKI,KATHLEEN",20,0,9788432225925
MOYERS,GENESIS:LIVING CONVERSATION,96,PENG RAND,MAIN ST BK,ILVS 0132;JS 0132;REL 0132,01;01;01,"ROSENBERG,JOEL;ROSENBERG,JOEL;ROSENBERG,JOEL",18;18;18,0;0;0,9780385490436
MURDOCH,"SEA,THE SEA",78,PENG RAND,0,ENG 0129,01,"LURZ,JOHN",25,0,9780141186160
MUYSKENS,BRAVO!\s-ACCESS CARD,8TH 15,CENGAGE L,CENGAGE L,FR 0003;FR 0003;FR 0003;FR 0003;FR 0003;FR 0003;FR 0004;FR 0004;FR 0004;FR 0004,A;B;C;D;E;F;A;B;C;D,"MILLER,KERRI LEE CON;KELLY,NANCY;MILLER,KERRI LEE CON;HEITZMAN,BRENNA K.;KELLY,NANCY;HEITZMAN,BRENNA K.;PAULING,DAVID F;PAULING,DAVID F;TAIEB,ANNE;THOMAS,VIOLA GERTRUD",16;16;16;16;16;16;16;16;16;16,0;0;0;0;0;0;0;0;0;0,9781285457550
MUYSKENS,BRAVO!\s-TEXT,8TH 15,CENGAGE L,HEINLE,FR 0003;FR 0003;FR 0003;FR 0003;FR 0003;FR 0003;FR 0004;FR 0004;FR 0004;FR 0004,A;B;C;D;E;F;A;B;C;D,"MILLER,KERRI LEE CON;KELLY,NANCY;MILLER,KERRI LEE CON;HEITZMAN,BRENNA K.;KELLY,NANCY;HEITZMAN,BRENNA K.;PAULING,DAVID F;PAULING,DAVID F;TAIEB,ANNE;THOMAS,VIOLA GERTRUD",16;16;16;16;16;16;16;16;16;16,0;0;0;0;0;0;0;0;0;0,9781285433882
MUYSKENS,BRAVO!\s-W/ACCESS,8TH 15,CENGAGE L,HEINLE,FR 0003;FR 0003;FR 0003;FR 0003;FR 0003;FR 0003;FR 0004;FR 0004;FR 0004;FR 0004,A;B;C;D;E;F;A;B;C;D,"MILLER,KERRI LEE CON;KELLY,NANCY;MILLER,KERRI LEE CON;HEITZMAN,BRENNA K.;KELLY,NANCY;HEITZMAN,BRENNA K.;PAULING,DAVID F;PAULING,DAVID F;TAIEB,ANNE;THOMAS,VIOLA GERTRUD",16;16;16;16;16;16;16;16;16;16,0;0;0;0;0;0;0;0;0;0,9781305121720
MUYSKENS,EBK BRAVO!,8,AC YUZU,CENGAGE LE,FR 0003;FR 0003;FR 0003;FR 0003;FR 0003;FR 0003;FR 0004;FR 0004;FR 0004;FR 0004,A;B;C;D;E;F;A;B;C;D,"MILLER,KERRI LEE CON;KELLY,NANCY;MILLER,KERRI LEE CON;HEITZMAN,BRENNA K.;KELLY,NANCY;HEITZMAN,BRENNA K.;PAULING,DAVID F;PAULING,DAVID F;TAIEB,ANNE;THOMAS,VIOLA GERTRUD",16;16;16;16;16;16;16;16;16;16,0;0;0;0;0;0;0;0;0;0,2813027484092
MYCOFF,EBK POLITICAL SCIENCE RESEARCH METHODS,8,AC YUZU,SAGE PUBLI,PS 0103,01,"SCHILDKRAUT, DEBORAH",18,0,2813031853617
MYCOFF,EBK POLITICAL SCIENCE RESEARCH METHODS,8,AC YUZU,SAGE PUBLI,PS 0103,01,"SCHILDKRAUT, DEBORAH",18,0,2813031884239
MYERS BRIGGS,MBTI SELF SCORING TESTS (#6165),CPP INC,0,0,ELS 0107,01,"STEPP,PAMELA",20,0,2818740161046
MYERS-SCOTTON,MULTIPLE VOICES,06,WILEY,BLACKWELL,PSY 0152,01,"DE RUITER,LAURA",20,0,9780631219378
NASH,LINEAR+NONLINEAR PROGRAMMING,96,OP MCG,MCG,MATH 0220,01,"MAGRUDER,CALEB",0,0,9780070460652
NICHOLSON,MICROECONOMIC THEORY,12TH 17,CENGAGE L,S-W,EC 0016,01,"KUTSOATI,EDWARD",36,0,9781305505797
NIRENBERG,COMMUNITIES OF VIOLENCE-UPDATED ED.,96,INGRAM PUB,PUP,HIST 0096,75,"MARRONE,STEVEN P",12,0,9780691165769
NIRENBERG,EBK COMMUNITIES OF VIOLENCE,0,AC YUZU,PRINCETON,HIST 0096,75,"MARRONE,STEVEN P",12,0,2813026294166
NORRIS,EBK VERTEBRATE ENDOCRINOLOGY,5,AC YUZU,ACADEMIC P,BIO 0110,01,"ROMERO,L MICHAEL",70,0,2813030884636
NORRIS,EBK VERTEBRATE ENDOCRINOLOGY,5,AC YUZU,ACADEMIC P,BIO 0110,01,"ROMERO,L MICHAEL",70,0,2813035295956
NOTHOMB,ROBERT DES NOMS PROPRES,04,L DE POCHE,L DE POCHE,FR 0022;FR 0022,A;B,"PEARCE,TRACY E;PEARCE,TRACY E",16;16,0;0,9782253109280
OKA,TOBIRA:POWER UP YOUR KANJI,10,KINOKUNIYA,KINOKUNIYA,JPN 0021;JPN 0121,01;01,"YAGI;KOIZUMI,SHIORI",0;0,0;0,9784874244876
ORESKES,MERCHANTS OF DOUBT,10,MAC HIGHER,BLOOMSBURY,ENV 0001;ENV 0135,01;01,"STEIN,NINIAN;STEIN,NINIAN",80;32,0;0,9781608193943
OWEN,ANTHOLOGY OF CHINESE LITERATURE,96,OP NORTON,NORTON,CHNS 0061,01,"QIAN,TONY D.",30,0,9780393971064
PALMER,"EBK A HISTORY OF THE MODERN WORLD, VOLU",11,AC YUZU,MCGRAW-HIL,PS 0061,01,"MUFTI,MALIK",175,0,2813025264108
PALMER,"EBK A HISTORY OF THE MODERN WORLD, VOLU",11,AC YUZU,MCGRAW-HIL,PS 0061,01,"MUFTI,MALIK",175,0,2813027239388
PECHENIK,EBK A SHORT GUIDE TO WRITING ABOUT BIOL,9,AC YUZU,MICROSOFT,BIO 0049;BIO 0049,A;B,"TYTELL,ERIC;TYTELL,ERIC",12;12,0;0,2813024119812
PECHENIK,EBK A SHORT GUIDE TO WRITING ABOUT BIOL,9,AC YUZU,MICROSOFT,BIO 0049;BIO 0049,A;B,"TYTELL,ERIC;TYTELL,ERIC",12;12,0;0,2813025590825
PECHENIK,SHORT GUIDE TO WRITING ABOUT BIOLOGY,9TH 16,PEARSON,PEARSON,BIO 0049;BIO 0049,A;B,"TYTELL,ERIC;TYTELL,ERIC",12;12,0;0,9780321984258
PEPALL,INDUSTRIAL ORGANIZATION,5TH 14,WILEY,0,EC 0170,01,"MENEGOTTO,DEBORAH",35,0,9781118250303
PERKELL,READING VERGIL'S AENEID:INTERPRET.GDE.,99,LONGLEAF,0,ENG 0108,01,"FYLER,JOHN M",25,0,9780806131399
PERLOFF,EBK MICROECONOMICS,4,AC YUZU,MICROSOFT,EC 0011;EC 0011;EC 0011;EC 0011;EC 0011;EC 0011,01;02;03;04;05;06,"ULUSOY,FAHRI;EMERICK,KYLE J.;MENEGOTTO,DEBORAH;LUALLEN,JEREMY CLAYT;LUALLEN,JEREMY CLAYT;EMERICK,KYLE J.",28;28;28;28;28;28,0;0;0;0;0;0,2813027000131
PERLOFF,EBK MICROECONOMICS,4,AC YUZU,MICROSOFT,EC 0011;EC 0011;EC 0011;EC 0011;EC 0011;EC 0011,01;02;03;04;05;06,"ULUSOY,FAHRI;EMERICK,KYLE J.;MENEGOTTO,DEBORAH;LUALLEN,JEREMY CLAYT;LUALLEN,JEREMY CLAYT;EMERICK,KYLE J.",28;28;28;28;28;28,0;0;0;0;0;0,2813026944337
PERLOFF,MICROECONOMICS:THEORY+APPL.W/CALC.,4TH 17,OE PEARSON,0,EC 0011;EC 0011;EC 0011;EC 0011;EC 0011;EC 0011,01;02;03;04;05;06,"ULUSOY,FAHRI;EMERICK,KYLE J.;MENEGOTTO,DEBORAH;LUALLEN,JEREMY CLAYT;LUALLEN,JEREMY CLAYT;EMERICK,KYLE J.",28;28;28;28;28;28,0;0;0;0;0;0,9780134167381
PETER,EBK COST-EFFECTIVENESS ANALYSIS IN HEAL,3,AC YUZU,CLIFFS NOT,EC 0048,01,"BENTKOVER,JUDITH",30,0,2813026223487
PIKETTY,CAPITAL IN THE TWENTY-FIRST CENTURY,14,TRILITERAL,HARV,AAST 0194;AFR 0147;AMER 0194;LAS 0191;LST 0194;SOC 0188,04;08;06;04;04;12,"DIAS,FELIPE;DIAS,FELIPE;DIAS,FELIPE;DIAS,FELIPE;DIAS,FELIPE;DIAS,FELIPE",0;0;0;0;0;15,0;0;0;0;0;0,9780674979857
POLGAR,EBK ASSISTIVE TECHNOLOGIES- E-BOOK,4,AC YUZU,MOSBY,ENP 0105;OTS 0105,01;01,"BUXTON,JENNIFER;BUXTON,JENNIFER",24;24,0;0,2813026124982
POWELL,TIME TO BE BORN,99,PENG RAND,STEERFORTH,AMER 0053;ENG 0063,01;01,"JOHNSON,RONNA;JOHNSON,RONNA C",0;40,0;0,9781883642419
PRIMACK,EBK ESSENTIALS OF CONSERVATION BIOLOGY,6,AC YUZU,OXFORD UNI,BIO 0144;ENV 0144,01;01,"REED,J MICHAEL;REED,MICHAEL",50;0,0;0,2813029275292
PRIMACK,ESSENTIALS OF CONSERVATION BIOLOGY,6TH 14,OXF,SINAUER,BIO 0144;ENV 0144,01;01,"REED,J MICHAEL;REED,MICHAEL",50;0,0;0,9781605352893
PROAKIS,FUNDAMENTALS OF COMMUNICATION SYSTEMS,2ND 14,PEARSON,PH,EE 0107,01,"AULL,BRIAN",45,0,9780133354850
PROTHERO,BRINGING FOSSILS TO LIFE,3RD 13,INGRAM PUB,0,EOS 0038,01,HEIM,15,0,9780231158930
PROTHERO,EBK BRINGING FOSSILS TO LIFE,3,AC YUZU,COLUMBIA U,EOS 0038,01,HEIM,15,0,2813026105776
PUGH,"REAL MATHEMATICAL ANALYSIS,UTM",2ND 15,SPRINGER,SPRINGER,MATH 0135;MATH 0135,01;02,"NITECKI,ZBIGNIEW H;TU,LORING W",40;40,0;0,9783319330426
QUINE,ELEMENTARY LOGIC,REV 80,TRILITERAL,HARV,LING 0103;PHIL 0103,01;01,"SMITH,GEORGE E;SMITH,GEORGE E",0;30,0;0,9780674244511
QUINET,EBK THE WILL TO KILL: MAKING SENSE OF S,5,AC YUZU,SAGE PUBLI,SOC 0094,06,"NAVA-COULTER,BRETT",40,0,2813031745295
QUINET,EBK THE WILL TO KILL: MAKING SENSE OF S,5,AC YUZU,SAGE PUBLI,SOC 0094,06,"NAVA-COULTER,BRETT",40,0,2813031810214
RACINE,ANDROMAQUE,08,MEP/SCHOEN,0,FR 0146,A,"HAKIM,ZEINA",0,0,9782035839183
RACINE,EBK IPHIGÃ©NIE,0,AC YUZU,B&N HACHET,FR 0031,C,"NAGINSKI,ISABELLE H",18,0,2813028777254
RACINE,IPHIGENIE,08,L LAROUSSE,0,FR 0031,C,"NAGINSKI,ISABELLE H",18,0,9782035839091
RADCLIFFE,MYSTERIES OF UDOLPHO:NOVEL,01,PENG RAND,0,ENG 0191,02,"KEISER,JESS",15,0,9780140437591
RAFFEL,BEOWULF,08,PENG RAND,0,HIST 0055,13,"MARRONE,STEVEN P",30,0,9780451530967
RAMPOLLA,EBK A POCKET GUIDE TO WRITING IN HISTOR,9,AC YUZU,BEDFORD/ST,DHP H261;HIST 0209,01;01,"FAWAZ,LEILA;FAWAZ,LEILA",0;10,0;0,2813031298609
RAMPOLLA,"POCKET GUIDE TO WRITING IN HISTORY,REV.",9TH 18,MAC HIGHER,BEDFORD BK,DHP H261;HIST 0209,01;01,"FAWAZ,LEILA;FAWAZ,LEILA",0;10,0;0,9781319113025
RANKIN,HANDBUCH ZUR DEUTSCHEN GRAMMATIK,6TH 16,CENGAGE L,CENGAGE L,GER 0021;GER 0121,B;01,"STOESSEL-DESCHNER,SA;STOESSEL-DESCHNER,SA",12;15,0;0,9781305078840
RATNER,BIOMATERIALS SCIENCE,3RD 13,ELSEVIER,ACAD,BME 0153;CHBE 0164,01;01,"LIMEM,SKANDER;LIMEM,SKANDER",60;60,0;0,9780123746269
RATNER,EBK BIOMATERIALS SCIENCE: AN INTRODUCTI,3,AC YUZU,ACADEMIC P,BME 0153;CHBE 0164,01;01,"LIMEM,SKANDER;LIMEM,SKANDER",60;60,0;0,2813025175152
RIEGELMAN,PUBLIC HEALTH 101-W/ACCESS,3RD 19,JONES+BART,JONES+BART,CH 0001,01,STAFF,60,0,9781284118445
ROBERT,EBK SPECTROMETRIC IDENTIFICATION OF ORG,8,AC YUZU,WILEY,CHEM 0155,01,"STOLOW,ROBERT D",30,0,2813024158606
ROBERT,EBK SPECTROMETRIC IDENTIFICATION OF ORG,8,AC YUZU,WILEY,CHEM 0155,01,"STOLOW,ROBERT D",30,0,2813036638288
ROLLINS,MEETING CHILDREN'S PSYCHOSOCIAL NEEDS,2ND 18,PRO-ED,0,CSHD 0100,01,"MODRY-MANDELL,KERRI",10,0,9781416410805
ROLYAN,TAILOR SPLINT MATERIAL,SAMMONS PR,0,0,OTS 0224,01,"BROOKS,JANET CURRAN",30,0,2818740144681
ROPER,EBK OEDIPUS AND THE DEVIL,1,AC YUZU,ROUTLEDGE,HIST 0155;WGSS 0185,80;07,"RANKIN,ALISHA;RANKIN,ALISHA",20;20,0;0,2813024332129
ROPER,EBK OEDIPUS AND THE DEVIL,1,AC YUZU,ROUTLEDGE,HIST 0155;WGSS 0185,80;07,"RANKIN,ALISHA;RANKIN,ALISHA",20;20,0;0,2813026579492
ROPER,OEDIPUS+THE DEVIL,94,TAYLOR,0,HIST 0155;WGSS 0185,80;07,"RANKIN,ALISHA;RANKIN,ALISHA",20;20,0;0,9780415105811
ROSENBERG,EBK ABNORMAL PSYCHOLOGY,2,AC YUZU,BEDFORD/ST,PSY 0012,01,"MASCHER,JACKQUELYN",80,0,2813025533082
ROSENBERG,EBK ABNORMAL PSYCHOLOGY,2,AC YUZU,BEDFORD/ST,PSY 0012,01,"MASCHER,JACKQUELYN",80,0,2813027305038
ROSENBOUND,ENVRONMENTAL & MAKING SENSE PKG,17,SAGE,SAGE,ENV 0135,01,"STEIN,NINIAN",32,0,9781544300153
ROSS,EBK INTRODUCTORY STATISTICS,4,AC YUZU,ACADEMIC P,EC 0013,01,"DOWNES,THOMAS",110,0,2813029007800
ROSS,EBK INTRODUCTORY STATISTICS,4,AC YUZU,ACADEMIC P,EC 0013,01,"DOWNES,THOMAS",110,0,2813035300964
ROTHSTEIN,EBK THE COLOR OF LAW: A FORGOTTEN HISTO,0,AC YUZU,W. W. NORT,UEP 0113;UEP 0213,01;01,"GREENSTEIN,ROSALIND;GREENSTEIN,ROSALIND",5;20,0;0,2813029243574
ROUSSEAU,EBK ON THE SOCIAL CONTRACT,0,AC YUZU,DOVER PUBL,HIST 0159,82,"FOSTER,ELIZABETH",25,0,2813026138873
ROUSSEAU,LES REVERIES DU PROMENEUR SOLITAIRE,12,FLAMMARION,FLAMMARION,FR 0031,C,"NAGINSKI,ISABELLE H",18,0,9782081275263
ROY,GOD OF SMALL THINGS,97,PENG RAND,0,ENG 0129,01,"LURZ,JOHN",25,0,9780812979657
ROZAKIS,EBK SCHAUM'S QUICK GUIDE TO WRITING GRE,2,AC YUZU,MCGRAW-HIL,DHP H261;HIST 0209,01;01,"FAWAZ,LEILA;FAWAZ,LEILA",0;10,0;0,2813022239444
RUDIN,REAL+COMPLEX ANALYSIS,3RD 87,MCG,MCG,MATH 0235,01,"GONZALEZ,FULTON B",34,0,9780070542341
RUSSELL,EBK ARTIFICIAL INTELLIGENCE,3,AC YUZU,MICROSOFT,COMP 0131,01,"SANTINI,FABRIZIO",55,0,2813024102661
RUSSELL,EBK ARTIFICIAL INTELLIGENCE,3,AC YUZU,MICROSOFT,COMP 0131,01,"SANTINI,FABRIZIO",55,0,2813025504594
SAGAN,BONJOUR TRISTESSE,REV 09,POCKET,0,FR 0021;FR 0021;FR 0021;FR 0021,A;B;C;D,"HEITZMAN,BRENNA K.;PAULING,DAVID F;GILLETTE,MARIE;THOMAS,VIOLA GERTRUD",16;16;16;16,0;0;0;0,9782266195584
SALEHI,EBK FUNDAMENTALS OF COMMUNICATION SYSTE,2,AC YUZU,MICROSOFT,EE 0107,01,"AULL,BRIAN",45,0,2813025596469
SALEHI,EBK FUNDAMENTALS OF COMMUNICATION SYSTE,2,AC YUZU,MICROSOFT,EE 0107,01,"AULL,BRIAN",45,0,2813024109028
SANGHAVI,MAP OF THE CHILD,03,MAC HIGHER,OWL BOOKS,CSHD 0100,01,"MODRY-MANDELL,KERRI",10,0,9780805075113
SCHAEFER,EBK ECONOMICS OF STRATEGY,7,AC YUZU,WILEY,EC 0175,01,"FORBES,SILKE",25,0,2813024200893
SCHAEFER,EBK ECONOMICS OF STRATEGY,7,AC YUZU,WILEY,EC 0175,01,"FORBES,SILKE",25,0,2813036643367
SENDER,REQUIEM POR UN CAMPESINO ESPANOL,REV 10,DESTINO,0,SPN 0021;SPN 0021;SPN 0021;SPN 0021;SPN 0021;SPN 0021;SPN 0021;SPN 0021;SPN 0021,A;B;C;D;E;F;G;H;J,"DE LAIRE MULGREW,ANN;DAVIS,MARIA-CONCEPCI;CANTU,ANNE;DAVIS,MARIA-CONCEPCI;CANTU,ANNE;MARCELIN,TERESA;CANTU,ANNE;MARCELIN,TERESA;LANZAS,EUGENIO",16;16;16;18;16;16;16;16;16,0;0;0;0;0;0;0;0;0,9788423342396
SHANKMAN,EMOTIONALLY INTELLIGENT...:GDE.F/STUD.,2ND 15,WILEY,JOSSEY,EM 0054;EM 0054,CE;01,"SAWYER,ANNETTE;SAWYER,ANNETTE",20;20,0;0,9781118821787
SHAPIRO,LINEAR ALGEBRA AND MATRICES,1ST 15,AMS PR,0,MATH 0190,01,"MCNINCH,GEORGE",30,0,9781470418526
SHER,LATIN REAL BOOK-B-FLAT EDITION,99,SHER MUSIC,SHER MUSIC,MUS 0105,01,"SMITH,JOEL LARUE",12,0,9781883217365
SHER,"LATIN REAL BOOK,E-FLAT EDITION",99,SHER MUSIC,SHER MUSIC,MUS 0105,01,"SMITH,JOEL LARUE",12,0,9780634006937
SHI,EBK ESSENTIALS OF THE U.S. HEALTH CARE,4,AC YUZU,JONES & BA,SHI,EBK ESSENTIALS OF THE U.S. HEALTH CARE,4,AC YUZU,JONES & BA,2813022778097
SILVERSTEIN,SPECTROMETRIC IDEN.OF ORG.COMPOUNDS,8TH 15,WILEY,WILEY,CHEM 0155,01,"STOLOW,ROBERT D",30,0,9780470616376
SINGLETON,URBAN ANALYTICS,18,SAGE,SAGE,CEE 0193;UEP 0293,01;06,"JIANG,SHAN;JIANG,SHAN",24;24,0;0,9781473958630
SKOOG,PRIN.OF INSTRUMENTAL ANALYSIS,7TH 18,CENGAGE L,CENGAGE L,CHEM 0141,01,"ROBBAT JR,ALBERT",30,0,9781305577213
SNYDER,EBK MICROECONOMIC THEORY: BASIC PRINCIP,12,AC YUZU,CENGAGE LE,EC 0016,01,"KUTSOATI,EDWARD",36,0,2813028246255
SNYDER,EBK MICROECONOMIC THEORY: BASIC PRINCIP,12,AC YUZU,CENGAGE LE,EC 0016,01,"KUTSOATI,EDWARD",36,0,2813029100457
SOLOMON,EBK NUMERICAL ALGORITHMS,1,AC YUZU,ROUTLEDGE,MATH 0225,01,"HU,XIAOZHE",34,0,2813024962616
SOLOMON,EBK NUMERICAL ALGORITHMS,1,AC YUZU,ROUTLEDGE,MATH 0225,01,"HU,XIAOZHE",34,0,2813025911071
SOLOMON,NUMERICAL ALGORITHMS-W/ACCESS,15,TAYLOR,CRC PR,MATH 0225,01,"HU,XIAOZHE",34,0,9781482251883
SOMMERS,EBK RULES FOR WRITERS,9,AC YUZU,BEDFORD/ST,ENG 0001;ENG 0001;ENG 0001;ENG 0001,12;20;39;47,"CRANO,RICKY D.;CRANO,RICKY D.;CLEMENTS,CHARLES A.;CALLOWAY,GRAEME L.",15;15;12;12,0;0;0;0,2813035964142
SOSA,EPISTEMOLOGY:ANTHOLOGY,2ND 08,WILEY,0,PHIL 0131,01,"AZZOUNI,JODY",30,0,9781405169660
SOTO,SPIKS,LATEST,MEP/SCHOEN,0,SPN 0022,XA,"LEVY-KONESKY,NANCY",16,0,9781567580693
SPIEGEL,EBK SCHAUM'S OUTLINE OF PROBABILITY AND,4,AC YUZU,MCGRAW-HIL,EC 0201,01,"STOREYGARD,ADAM",38,0,2813022261360
STEIN,EBK INTRODUCTION TO ALGORITHMS,3,AC YUZU,THE MIT PR,COMP 0160;COMP 0160,01;02,"KORMAN,MATIAS;KORMAN,MATIAS",80;80,0;0,2813027002609
STEINBERG,ADOLESCENCE,12TH 20,RENT MCG,0,CSHD 0068,01,"LEVENTHAL,TAMA",20,0,9781260058895
STEINBERG,EBK ADOLESCENCE,12,AC YUZU,MCGRAW-HIL,CSHD 0068,01,"LEVENTHAL,TAMA",20,0,2813036669350
STEINBERG,EBK ADOLESCENCE,12,AC YUZU,MCGRAW-HIL,CSHD 0068,01,"LEVENTHAL,TAMA",20,0,2813036621297
STELZER,FLIPIT FOR UNIVERSITY PHYSICS-ACCESS,16,MAC HIGHER,FREEMAN,PHY 0001;PHY 0001;PHY 0011;PHY 0011,01;02;01;02,"DINI,VESAL;DINI,VESAL;GALLAGHER,HUGH M;GALLAGHER,HUGH M",120;120;120;120,0;0;0;0,9781319066529
STILLMAN,EBK THE ULTIMATE SPANISH REVIEW AND PRA,3,AC YUZU,MCGRAW-HIL,SPN 0021;SPN 0021;SPN 0021;SPN 0021;SPN 0021;SPN 0021;SPN 0021;SPN 0021;SPN 0021;SPN 0022;SPN 0022;SPN 0022;SPN 0022;SPN 0022;SPN 0022;SPN 0022,A;B;C;D;E;F;G;H;J;A;B;C;D;E;XA;XC,"DE LAIRE MULGREW,ANN;DAVIS,MARIA-CONCEPCI;CANTU,ANNE;DAVIS,MARIA-CONCEPCI;CANTU,ANNE;MARCELIN,TERESA;CANTU,ANNE;MARCELIN,TERESA;LANZAS,EUGENIO;MARCELIN,TERESA;MILLAY,AMY;RINCON CALERO,MARIA;RINCON CALERO,MARIA;SIMPSON,DANA;LEVY-KONESKY,NANCY;SMITH,PATRICIA",16;16;16;18;16;16;16;16;16;16;16;16;16;16;16;16,0;0;0;0;0;0;0;0;0;0;0;0;0;0;0;0,2813022271727
STOCK,INTRO.TO ECONOMETRICS-TEXT,4TH 19,PEARSON,0,EC 0015;EC 0015;EC 0015;EC 0015,01;02;03;04,"MCGUIRK, EOIN;MCINERNEY,MELISSA;MCINERNEY,MELISSA;MCGUIRK, EOIN",17;17;17;17,0;0;0;0,9780134461991
STRACHEY,EMINENT VICTORIANS,86,PENG RAND,0,ENG 0135,01,"LURZ,JOHN",25,0,9780140183504
STROGATZ,EBK NONLINEAR DYNAMICS AND CHAOS,2,AC YUZU,CRC PRESS,MATH 0153,01,"KIM,KI YEUN",34,0,2813031670375
STROGATZ,EBK NONLINEAR DYNAMICS AND CHAOS,2,AC YUZU,CRC PRESS,MATH 0153,01,"KIM,KI YEUN",34,0,2813031809553
STROGATZ,NONLINEAR DYNAMICS+CHAOS,2ND 15,TAYLOR,PERSEUS PR,MATH 0153,01,"KIM,KI YEUN",34,0,9780813349107
SUCCOP,EBK QUALITATIVE METHODS IN PUBLIC HEALT,2,AC YUZU,CLIFFS NOT,CH 0102,01,"TENDULKAR,SHALINI",30,0,2813028964890
TAMAARAI SALAI,THE GREAT WAR AND THE REMAKING OF PALE,LATEST,INGRAM,INGRAM,DHP H261;HIST 0209,01;01,"FAWAZ,LEILA;FAWAZ,LEILA",0;10,0;0,9780520291263
TAMARI,EBK THE GREAT WAR AND THE REMAKING OF P,1,AC YUZU,UNIVERSITY,DHP H261;HIST 0209,01;01,"FAWAZ,LEILA;FAWAZ,LEILA",0;10,0;0,2813030740086
TANENBAUM,COMPUTER NETWORKS,5TH 11,PEARSON,PH,EE 0129,01,"CHANG,CHORNG HWA",40,0,9780132126953
TESSLER,EBK A HISTORY OF THE ISRAELI-PALESTINIA,2,AC YUZU,INDIANA UN,DHP D263,01,"FAWAZ,LEILA",0,0,2813027546288
THIONG'O,"WEEP NOT,CHILD",12,PENG RAND,PENG USA,AFR 0014;HIST 0014,01;01,"CONZ,CHRISTOPHER;CONZ,CHRISTOPHER",40;40,0;0,9780143106692
THOMAS,DOWN THESE MEAN STREETS-30TH ANNIV.ED.,67,PENG RAND,0,SPN 0022,XA,"LEVY-KONESKY,NANCY",16,0,9780679781424
THOMAS,FLASH FICTION:72 VERY SHORT STORIES,92,NORTON,NORTON,ENG 0058,01,"BAMBER,LINDA V",20,0,9780393308839
TOMASKOVIC-DEV,RELATIONAL INEQUALITIES: AN ORGANIZATI,18,OXF,OXF,AAST 0194;AFR 0147;AMER 0194;LAS 0191;LST 0194;SOC 0188,04;08;06;04;04;12,"DIAS,FELIPE;DIAS,FELIPE;DIAS,FELIPE;DIAS,FELIPE;DIAS,FELIPE;DIAS,FELIPE",0;0;0;0;0;15,0;0;0;0;0;0,9780190624439
TOOMER,CANE,23,NORTON,LIVERIGHT,AMER 0053;ENG 0063,01;01,"JOHNSON,RONNA;JOHNSON,RONNA C",0;40,0;0,9780871402103
TOOMER,EBK CANE (NEW EDITION),0,AC YUZU,W. W. NORT,AMER 0053;ENG 0063,01;01,"JOHNSON,RONNA;JOHNSON,RONNA C",0;40,0;0,2813026212344
ULLMAN,MECHANICAL DESIGN PROCESS,17,INGRAM,0,ME 0043,02,"WENDELL,KRISTEN BETH",23,0,9780999357804
UNIV RDRS,EL ULTIMO SOL,W17,UNIV RDRS,0,SPN 0003;SPN 0003;SPN 0003;SPN 0003;SPN 0003;SPN 0003;SPN 0003;SPN 0003;SPN 0003;SPN 0003;SPN 0003;SPN 0003;SPN 0003;SPN 0003,A;B;C;D;E;F;G;H;J;K;L;M;N;O,"GONZALEZ PEDEMONTE,N;AKERS,JOANA;CASTRO,MARIA ISABEL;GONZALEZ PEDEMONTE,N;GONZALEZ PEDEMONTE,N;AKERS,JOANA;MALINOWSKA,MAGDALENA;CASTRO,MARIA ISABEL;CASTRO,MARIA ISABEL;FERNANDEZ-GARCIA,MAR;MEDEROS,RAYSA;STAFF;MEDEROS,RAYSA;STAFF",16;16;16;16;16;16;16;16;16;16;16;16;16;16,0;0;0;0;0;0;0;0;0;0;0;0;0;0,2818740185684
UNIV READERS,LA MULTITUD ERRANTE 14968,>C<,F17,UNIV RDRS,SPN 0022;SPN 0022;SPN 0022;SPN 0022;SPN 0022,A;B;C;D;E,"MARCELIN,TERESA;MILLAY,AMY;RINCON CALERO,MARIA;RINCON CALERO,MARIA;SIMPSON,DANA",16;16;16;16;16,0;0;0;0;0,2818740189828
UNIV READERS,SPN 0022 COURSE PACKET,>C<,F17,UNIV RDRS,SPN 0022;SPN 0022;SPN 0022;SPN 0022;SPN 0022,A;B;C;D;E,"MARCELIN,TERESA;MILLAY,AMY;RINCON CALERO,MARIA;RINCON CALERO,MARIA;SIMPSON,DANA",16;16;16;16;16,0;0;0;0;0,2818740189798
UNKNOWN,EBK CHEMISTRY,14,AC YUZU,MICROSOFT,CHEM 0001;CHEM 0001;CHEM 0002;CHEM 0002,01;02;01;02,"KRYATOV,SERGIY;KRYATOV,SERGIY;CAMPBELL,VICTORIA L;DAVIS,LUKE M",200;200;200;150,0;0;0;0,2813029008975
UNKNOWN,EBK CHEMISTRY,14,AC YUZU,MICROSOFT,CHEM 0001;CHEM 0001;CHEM 0002;CHEM 0002,01;02;01;02,"KRYATOV,SERGIY;KRYATOV,SERGIY;CAMPBELL,VICTORIA L;DAVIS,LUKE M",200;200;200;150,0;0;0;0,2813029123265
UNKNOWN,EBK PREPARING EDUCATORS TO ENGAGE FAMIL,3,AC YUZU,SAGE PUBLI,CSHD 0165;CVS 0132;ED 0145,01;01;01,"MCWAYNE,CHRISTINE;MCWAYNE,CHRISTINE;MCWAYNE,CHRISTINE",20;0;20,0;0;0,2813026376879
UNKNOWN,EBK PREPARING EDUCATORS TO ENGAGE FAMIL,3,AC YUZU,SAGE PUBLI,CSHD 0165;CVS 0132;ED 0145,01;01;01,"MCWAYNE,CHRISTINE;MCWAYNE,CHRISTINE;MCWAYNE,CHRISTINE",20;0;20,0;0;0,2813025495069
UNKNOWN,EBK RACE AND RACISMS,2,AC YUZU,OXFORD UNI,AAST 0094;AFR 0011;LST 0094;SOC 0011,03;01;03;01,"GORDON,DAANIKA;GORDON,DAANIKA;GORDON,DAANIKA;GORDON,DAANIKA",0;40;0;40,0;0;0;0,2813032951053
UNKNOWN,EBK THE FUNDAMENTALS OF ETHICS,4,AC YUZU,OXFORD UNI,CVS 0014;CVS 0014;PHIL 0024;PHIL 0024,01;02;01;02,"DENBY,DAVID;LINK,MONICA WONG;DENBY,DAVID A;LINK,MONICA WONG",0;0;50;50,0;0;0;0,2813030114832
VANDERVEER,IMPERIAL ENCOUNTERS,01,INGRAM PUB,PUP,CST 0194;REL 0149,04;01,"HATCHER,BRIAN A.;HATCHER,BRIAN A.",0;15,0;0,9780691074788
VAVRECK,EBK THE LOGIC OF AMERICAN POLITICS,9,AC YUZU,0,AMER 0048;PS 0011,01;01,"SCHAFFNER,BRIAN;SCHAFFNER,BRIAN",75;75,0;0,2813036932119
VAVRECK,EBK THE LOGIC OF AMERICAN POLITICS,9,AC YUZU,0,AMER 0048;PS 0011,01;01,"SCHAFFNER,BRIAN;SCHAFFNER,BRIAN",75;75,0;0,2813036966244
VIALET,EBK BRAVO!,8,AC YUZU,CENGAGE LE,FR 0003;FR 0003;FR 0003;FR 0003;FR 0003;FR 0003;FR 0004;FR 0004;FR 0004;FR 0004,A;B;C;D;E;F;A;B;C;D,"MILLER,KERRI LEE CON;KELLY,NANCY;MILLER,KERRI LEE CON;HEITZMAN,BRENNA K.;KELLY,NANCY;HEITZMAN,BRENNA K.;PAULING,DAVID F;PAULING,DAVID F;TAIEB,ANNE;THOMAS,VIOLA GERTRUD",16;16;16;16;16;16;16;16;16;16,0;0;0;0;0;0;0;0;0;0,2813024646318
VIRGIL,AENEID,(REV)83,PENG RAND,VINTAGE,ENG 0108,01,"FYLER,JOHN M",25,0,9780679729525
VOET,EBK BIOCHEMISTRY,4,AC YUZU,WILEY,BIO 0172;CHEM 0172,01;01,"PAMUK TURNER,DIREN;PAMUK TURNER,DIREN",70;70,0;0,2813024158668
VOET,EBK BIOCHEMISTRY,4,AC YUZU,WILEY,BIO 0172;CHEM 0172,01;01,"PAMUK TURNER,DIREN;PAMUK TURNER,DIREN",70;70,0;0,2813036638349
VOLTAIRE,CANDIDE,07,L LAROUSSE,L LAROUSSE,FR 0031,D,"HAKIM,ZEINA",18,0,9782035866011
VOLTAIRE,CANDIDE OU L'OPTIMISME,LATEST,MISC PUBS,0,FR 0031,C,"NAGINSKI,ISABELLE H",18,0,9782047355091
WADE,INVITATION TO PSYCHOLOGY-REVEL ACCESS,7TH 18,PEARSON,PEARSON,PSY 0001;PSY 0001,01;02,"SHIN,LISA;SHIN,LISA",250;250,0;0,9780134635880
WARREN,FINANCIAL ACCOUNTING (LL)-W/CENGAGENOW,15TH 18,CENGAGE L,CENGAGE L,EC 0003,01,"MCHUGH,CHRISTOPHER",80,0,9781337587501
WATKINS,EBK CASARETT & DOULL'S ESSENTIALS OF TO,3,AC YUZU,MCGRAW-HIL,CEE 0157;ENV 0167,01;01,"DESMARAIS,ANNE MARIE;DESMARAIS,ANNE MARIE",35;35,0;0,2813022271659
WATSON,EBK INTRODUCTION TO ECONOMETRICS,4,AC YUZU,MICROSOFT,EC 0015;EC 0015;EC 0015;EC 0015,01;02;03;04,"MCGUIRK, EOIN;MCINERNEY,MELISSA;MCINERNEY,MELISSA;MCGUIRK, EOIN",17;17;17;17,0;0;0;0,2813035696975
WATSON,EBK INTRODUCTION TO ECONOMETRICS,4,AC YUZU,MICROSOFT,EC 0015;EC 0015;EC 0015;EC 0015,01;02;03;04,"MCGUIRK, EOIN;MCINERNEY,MELISSA;MCINERNEY,MELISSA;MCGUIRK, EOIN",17;17;17;17,0;0;0;0,2813035964784
WEI,EBK A KALEIDOSCOPE OF CHINA,0,AC YUZU,PRINCETON,CHNS 0121;CHNS 0121,A;B,"WAN,MIN;FENG,JIANPING",15;15,0;0,2813026280183
WEI,EBK A KALEIDOSCOPE OF CHINA,0,AC YUZU,PRINCETON,CHNS 0121;CHNS 0121,A;B,"WAN,MIN;FENG,JIANPING",15;15,0;0,2813030734078
WELLS,EBK HANDBUCH ZUR DEUTSCHEN GRAMMATIK,6,AC YUZU,CENGAGE LE,GER 0021;GER 0121,B;01,"STOESSEL-DESCHNER,SA;STOESSEL-DESCHNER,SA",12;15,0;0,2813026263728
WELLS,EBK HANDBUCH ZUR DEUTSCHEN GRAMMATIK,6,AC YUZU,CENGAGE LE,GER 0021;GER 0121,B;01,"STOESSEL-DESCHNER,SA;STOESSEL-DESCHNER,SA",12;15,0;0,2813025479984
WEST,EBK MISS LONELYHEARTS & THE DAY OF THE,0,AC YUZU,W. W. NORT,AMER 0053;ENG 0063,01;01,"JOHNSON,RONNA;JOHNSON,RONNA C",0;40,0;0,2813026186966
WETHERALL,EBK COMPUTER NETWORKS,5,AC YUZU,MICROSOFT,EE 0129,01,"CHANG,CHORNG HWA",40,0,2813024104801
WETHERALL,EBK COMPUTER NETWORKS,5,AC YUZU,MICROSOFT,EE 0129,01,"CHANG,CHORNG HWA",40,0,2813025506352
WHARTON,HOUSE OF MIRTH,64,PENG RAND,SIGNET,AMER 0053;ENG 0063,01;01,"JOHNSON,RONNA;JOHNSON,RONNA C",0;40,0;0,9780451527561
WHEATLEY,EBK THE ROUTLEDGE ADVANCED CHINESE MULT,2,AC YUZU,ROUTLEDGE,CHNS 0123,01,"WANG,SHAOMEI",14,0,2813024771935
WHEATLEY,EBK THE ROUTLEDGE ADVANCED CHINESE MULT,2,AC YUZU,ROUTLEDGE,CHNS 0123,01,"WANG,SHAOMEI",14,0,2813025578441
WHITE,CREATIVE RECORDING II:MICROPHONES,2ND 04,SANCTUARY,SANCTUARY,ES 0065;MUS 0140,01;01,"LEHRMAN,PAUL DAVID;LEHRMAN,PAUL DAVID",10;5,0;0,9781844920020
WHITLOCK,EBK THE ANALYSIS OF BIOLOGICAL DATA,2,AC YUZU,BEDFORD/ST,BIO 0132,01,"LEWIS,SARA M.",45,0,2813031425548
WILLIAMSON,EBK MACROSCALE AND MICROSCALE ORGANIC E,7,AC YUZU,CENGAGE LE,CHEM 0053,01,"STOLOW,ROBERT D",250,0,2813025995996
WILLIAMSON,EBK MACROSCALE AND MICROSCALE ORGANIC E,7,AC YUZU,CENGAGE LE,CHEM 0053,01,"STOLOW,ROBERT D",250,0,2813027076754
WILMSHURST,EBK CHILD AND ADOLESCENT PSYCHOPATHOLOG,4,AC YUZU,SAGE PUBLI,CSHD 0191,01,"MODRY-MANDELL,KERRI",30,0,2813031709945
WILMSHURST,EBK CHILD AND ADOLESCENT PSYCHOPATHOLOG,4,AC YUZU,SAGE PUBLI,CSHD 0191,01,"MODRY-MANDELL,KERRI",30,0,2813031715793
WINER,AUDIO EXPERT:EVERYTHING YOU NEED...,2ND 18,TAYLOR,ROUTLEDGE,ES 0065;MUS 0140,01;01,"LEHRMAN,PAUL DAVID;LEHRMAN,PAUL DAVID",10;5,0;0,9780415788847
WINER,EBK THE AUDIO EXPERT,2,AC YUZU,ROUTLEDGE,ES 0065;MUS 0140,01;01,"LEHRMAN,PAUL DAVID;LEHRMAN,PAUL DAVID",10;5,0;0,2813031321659
WINER,EBK THE AUDIO EXPERT,2,AC YUZU,ROUTLEDGE,ES 0065;MUS 0140,01;01,"LEHRMAN,PAUL DAVID;LEHRMAN,PAUL DAVID",10;5,0;0,2813031333621
WOODWARD,EBK HELL IN THE HOLY LAND,0,AC YUZU,THE UNIVER,DHP H261;HIST 0209,01;01,"FAWAZ,LEILA;FAWAZ,LEILA",0;10,0;0,2813022619420
WOOLDRIDGE,EBK INTRODUCTORY ECONOMETRICS: A MODERN,7,AC YUZU,CENGAGE LE,EC 0107;EC 0107,01;02,"BIANCONI,MARCELO;FORBES,SILKE",20;20,0;0,2813035997683
WOOLDRIDGE,EBK INTRODUCTORY ECONOMETRICS: A MODERN,7,AC YUZU,CENGAGE LE,EC 0107;EC 0107,01;02,"BIANCONI,MARCELO;FORBES,SILKE",20;20,0;0,2813035982740
WOOLF,EBK A ROOM OF ONE'S OWN,0,AC YUZU,MARINER BO,ENG 0135,01,"LURZ,JOHN",25,0,2813027286573
WOOLF,EBK BETWEEN THE ACTS,0,AC YUZU,MARINER BO,ENG 0135,01,"LURZ,JOHN",25,0,2813028342384
WOOLF,EBK MRS. DALLOWAY,0,AC YUZU,MARINER BO,ENG 0135,01,"LURZ,JOHN",25,0,2813027286672
WOOLF,EBK ORLANDO,0,AC YUZU,MARINER BO,ENG 0135,01,"LURZ,JOHN",25,0,2813027285804
WOOLF,EBK THE WAVES,0,AC YUZU,MARINER BO,ENG 0135,01,"LURZ,JOHN",25,0,2813028343329
WOOLF,EBK TO THE LIGHTHOUSE (ANNOTATED),0,AC YUZU,MARINER BO,ENG 0135,01,"LURZ,JOHN",25,0,2813027505568
WOOLF,JACOB'S ROOM (9536589),92,OXF,0,ENG 0135,01,"LURZ,JOHN",25,0,9780199536580
WOOLF,MRS.DALLOWAY,81,HBC TRADE,0,ENG 0135,01,"LURZ,JOHN",25,0,9780156628709
WOOLF,TO THE LIGHTHOUSE,27,HM,0,ENG 0135,01,"LURZ,JOHN",25,0,9780156907392
WOOLF,WAVES,59,HBC TRADE,0,ENG 0135,01,"LURZ,JOHN",25,0,9780156949606
ZANGWILL,MODERN ELECTRODYNAMICS,12,CAMB,CAMB,PHY 0145,01,"BEAUCHEMIN,PIERRE-HU",20,0,9780521896979
ZILBERMAN,"UP-TO-DATE ENG.-HEBREW,HEBREW-ENG.DICT.",(REV)09,GEFEN BOOK,ZILBERMAN,HEB 0001;HEB 0001;HEB 0003,A;B;A,"KIMELMAN,HAVA;KIMELMAN,HAVA;HARARI-SPENCER,HEDDA",15;15;15,0;0;0,9789652228628
ZIMMERMAN,EBK PROBABILITY AND STATISTICAL INFEREN,10,AC YUZU,MICROSOFT,EC 0201,01,"STOREYGARD,ADAM",38,0,2813036647754
ZIMMERMAN,EBK PROBABILITY AND STATISTICAL INFEREN,10,AC YUZU,MICROSOFT,EC 0201,01,"STOREYGARD,ADAM",38,0,2813036623192
ZOLA,NANA,02,GALLIMARD,0,FR 0163,A,"NAGINSKI,ISABELLE H",20,0,9782070423576
133602,UVEX SAFETY GOGGLES,XX SUPPLY,0,0,CHEM 0001;CHEM 0001;CHEM 0002;CHEM 0002;CHEM 0053,01;02;01;02;01,"KRYATOV,SERGIY;KRYATOV,SERGIY;CAMPBELL,VICTORIA L;DAVIS,LUKE M;STOLOW,ROBERT D",200;200;200;150;250,0;0;0;0;0,2818740150774
